<?xml version="1.0" encoding="UTF-8"?>
<devices>
    <default version="1.0">
        <manufacturerName> Atmel </manufacturerName>
        <deviceAlgorithm>SPI flash</deviceAlgorithm>
        <addressWidth>3</addressWidth>
        <readDummyBytes>1</readDummyBytes>
        <readInstruction>0x0b</readInstruction>
        <blockProtectBits>0x0c</blockProtectBits>
        <readDeviceIdInstruction>0x9f</readDeviceIdInstruction>
        <eraseInstruction>0x20</eraseInstruction>
        <hasEraseAll>true</hasEraseAll>
        <eraseAllInstruction>0xc7</eraseAllInstruction>
    </default>

    <device version="1.0">
        <deviceName>AT26F004</deviceName>
        <deviceDescription>
            Atmel AT26F004 512 Kilobyte SPI Flash
        </deviceDescription>
        <capacity>512*1024</capacity>
        <maxBitrate>33*1000</maxBitrate>
        <writeSize>1</writeSize>
        <writeTime>15</writeTime>
        <expectedDeviceId>\x1f\x04\x00\x00</expectedDeviceId>
        <eraseSize>4*1024</eraseSize>
        <eraseTime>100000</eraseTime>
        <eraseAllTime>6000000</eraseAllTime>
        <deviceConnectedBits>0x00</deviceConnectedBits>
        <deviceConnectedMask>0x20</deviceConnectedMask>
    </device>

    <device version="1.0">
        <deviceName>AT26DF041</deviceName>
        <deviceDescription>
            Atmel AT26DF041 512 Kilobyte SPI Flash
        </deviceDescription>
        <capacity>512*1024</capacity>
        <maxBitrate>33*1000</maxBitrate>
        <writeSize>256</writeSize>
        <writeTime>5000</writeTime>
        <writeInstruction>0x11</writeInstruction>
        <writeEnableBits>0</writeEnableBits>
        <deviceConnectedBits>0x1c</deviceConnectedBits>
        <deviceConnectedMask>0x3c</deviceConnectedMask>
        <writeStatusRegisterInstruction>0</writeStatusRegisterInstruction>
        <blockProtectBits>0</blockProtectBits>
        <expectedDeviceId>\x1f\x44\x00\x00</expectedDeviceId>
        <eraseInstruction>0x81</eraseInstruction>
        <eraseSize>256</eraseSize>
        <eraseTime>8000</eraseTime>
        <hasEraseAll>false</hasEraseAll>
    </device>

    <device version="1.0">
        <deviceName>AT26DF081A</deviceName>
        <deviceDescription>
            Atmel AT26DF081A 1 Megabyte SPI Flash
        </deviceDescription>
        <capacity>1024*1024</capacity>
        <maxBitrate>70*1000</maxBitrate>
        <writeSize>256</writeSize>
        <writeTime>1200</writeTime>
        <expectedDeviceId>\x1f\x45\x01\x00</expectedDeviceId>
        <eraseSize>4*1024</eraseSize>
        <eraseTime>50000</eraseTime>
        <eraseAllTime>6000000</eraseAllTime>
    </device>

    <device version="1.0">
        <deviceName>AT26DF161</deviceName>
        <deviceDescription>
            Atmel AT26DF161 2 Megabyte SPI Flash
        </deviceDescription>
        <capacity>2*1024*1024</capacity>
        <maxBitrate>66*1000</maxBitrate>
        <writeSize>256</writeSize>
        <writeTime>1500</writeTime>
        <expectedDeviceId>\x1f\x46\x00\x00</expectedDeviceId>
        <eraseSize>4*1024</eraseSize>
        <eraseTime>50000</eraseTime>
        <eraseAllTime>18000000</eraseAllTime>
        <deviceConnectedBits>0x00</deviceConnectedBits>
        <deviceConnectedMask>0x20</deviceConnectedMask>
    </device>

    <device version="1.0">
        <deviceName>AT26DF161A</deviceName>
        <deviceDescription>
            Atmel AT26DF161A 2 Megabyte SPI Flash
        </deviceDescription>
        <capacity>2*1024*1024</capacity>
        <maxBitrate>70*1000</maxBitrate>
        <writeSize>256</writeSize>
        <writeTime>1200</writeTime>
        <expectedDeviceId>\x1f\x46\x01\x00</expectedDeviceId>
        <eraseSize>4*1024</eraseSize>
        <eraseTime>50000</eraseTime>
        <eraseAllTime>12000000</eraseAllTime>
    </device>

    <device version="1.0">
        <deviceName>AT26DF321</deviceName>
        <deviceDescription>
            Atmel AT26DF321 4 Megabyte SPI Flash
        </deviceDescription>
        <capacity>4*1024*1024</capacity>
        <maxBitrate>66*1000</maxBitrate>
        <writeSize>256</writeSize>
        <writeTime>1500</writeTime>
        <expectedDeviceId>\x1f\x47\x00\x00</expectedDeviceId>
        <eraseSize>4*1024</eraseSize>
        <eraseTime>50000</eraseTime>
        <eraseAllTime>36000000</eraseAllTime>
        <deviceConnectedBits>0x00</deviceConnectedBits>
        <deviceConnectedMask>0x20</deviceConnectedMask>
    </device>

</devices>
