<?xml version="1.0" encoding="UTF-8"?>
<devices>
    <default version="1.0">
        <manufacturerName> Atmel </manufacturerName>
        <maxBitrate> 20000 </maxBitrate>
        <writeTime> 5000 </writeTime>
        <deviceAlgorithm> SPI eeprom </deviceAlgorithm>
    </default>

    <device version="1.0">
        <deviceName> AT25010A </deviceName>
        <deviceDescription>
            Atmel AT25010A 128 Byte SPI EEPROM
        </deviceDescription>
        <capacity> 128 </capacity>
        <addressWidth> 1 </addressWidth>
        <writeSize> 8 </writeSize>
        <blockProtectBits> 0x0c </blockProtectBits>
        <writeTime> 10000 </writeTime>
    </device>

    <device version="1.0">
        <deviceName> AT25020A </deviceName>
        <deviceDescription>
            Atmel AT25020A 256 Byte SPI EEPROM
        </deviceDescription>
        <capacity> 256 </capacity>
        <addressWidth> 1 </addressWidth>
        <writeSize> 8 </writeSize>
        <blockProtectBits> 0x0c </blockProtectBits>
        <writeTime> 10000 </writeTime>
    </device>

    <device version="1.0">
        <deviceName> AT25040A </deviceName>
        <deviceDescription>
            Atmel AT25040A 512 Byte SPI EEPROM
        </deviceDescription>
        <capacity> 512 </capacity>
        <addressWidth> 1 </addressWidth>
        <writeSize> 8 </writeSize>
        <blockProtectBits> 0x0c </blockProtectBits>
        <writeTime> 10000 </writeTime>
    </device>

    <device version="1.0">
        <deviceName> AT25080A </deviceName>
        <deviceDescription>
            Atmel AT25080A 1 Kilobyte SPI EEPROM
        </deviceDescription>
        <capacity> 1024 </capacity>
        <addressWidth> 2 </addressWidth>
        <writeSize> 32 </writeSize>
        <blockProtectBits> 0x8c </blockProtectBits>
    </device>

    <device version="1.0">
        <deviceName> AT25160A </deviceName>
        <deviceDescription>
            Atmel AT25160A 2 Kilobyte SPI EEPROM
        </deviceDescription>
        <capacity> 2048 </capacity>
        <addressWidth> 2 </addressWidth>
        <writeSize> 32 </writeSize>
        <blockProtectBits> 0x8c </blockProtectBits>
    </device>

    <device version="1.0">
        <deviceName> AT25320A </deviceName>
        <deviceDescription>
            Atmel AT25320A 4 Kilobyte SPI EEPROM
        </deviceDescription>
        <capacity> 4096 </capacity>
        <addressWidth> 2 </addressWidth>
        <writeSize> 32 </writeSize>
        <blockProtectBits> 0x8c </blockProtectBits>
    </device>

    <device version="1.0">
        <deviceName> AT25640A </deviceName>
        <deviceDescription>
            Atmel AT5640A 8 Kilobyte SPI EEPROM
        </deviceDescription>
        <capacity> 8192 </capacity>
        <addressWidth> 2 </addressWidth>
        <writeSize> 32 </writeSize>
        <blockProtectBits> 0x8c </blockProtectBits>
    </device>

    <device version="1.0">
        <deviceName> AT25128A </deviceName>
        <deviceDescription>
            Atmel AT25128A 16 Kilobyte SPI EEPROM
        </deviceDescription>
        <capacity> 16*1024 </capacity>
        <addressWidth> 2 </addressWidth>
        <writeSize> 64 </writeSize>
        <blockProtectBits> 0x8c </blockProtectBits>
    </device>

    <device version="1.0">
        <deviceName> AT25256A </deviceName>
        <deviceDescription>
            Atmel AT25256A 32 Kilobyte SPI EEPROM
        </deviceDescription>
        <capacity> 32*1024 </capacity>
        <addressWidth> 2 </addressWidth>
        <writeSize> 64 </writeSize>
        <blockProtectBits> 0x8c </blockProtectBits>
    </device>

    <device version="1.0">
        <deviceName> AT25512 </deviceName>
        <deviceDescription>
            Atmel AT25512 64 Kilobyte SPI EEPROM
        </deviceDescription>
        <maxBitrate> 10000 </maxBitrate>
        <capacity> 64*1024 </capacity>
        <addressWidth> 2 </addressWidth>
        <writeSize> 128 </writeSize>
        <blockProtectBits> 0x8c </blockProtectBits>
    </device>

    <device version="1.0">
        <deviceName> AT25P1024 </deviceName>
        <deviceDescription>
            Atmel AT25P1024 128 Kilobyte SPI EEPROM
        </deviceDescription>
        <maxBitrate> 2100 </maxBitrate>
        <capacity> 128*1024 </capacity>
        <addressWidth> 3 </addressWidth>
        <writeSize> 128 </writeSize>
        <blockProtectBits> 0x8c </blockProtectBits>
    </device>

</devices>
