<?xml version="1.0" encoding="UTF-8"?>
<devices>
    <default version="1.0">
        <manufacturerName> Atmel </manufacturerName>
        <maxBitrate> 400 </maxBitrate>
        <writeTime> 5000 </writeTime>
        <baseDeviceAddress> 0x50 </baseDeviceAddress>
        <deviceAlgorithm> I2C EEPROM </deviceAlgorithm>
    </default>

    <device version="1.0">
        <deviceName> AT24C01 </deviceName>
        <deviceDescription>
            Atmel AT24C01/01A 128 Byte I2C EEPROM
        </deviceDescription>
        <capacity> 128 </capacity>
        <addressWidth> 1 </addressWidth>
        <writeSize> 0x08 </writeSize>
    </device>

    <device version="1.0">
        <deviceName> AT24C01B </deviceName>
        <deviceDescription>
            Atmel AT24C01B 128 Byte I2C EEPROM
        </deviceDescription>
        <maxBitrate> 1000 </maxBitrate>
        <capacity> 128 </capacity>
        <addressWidth> 1 </addressWidth>
        <writeSize> 0x08 </writeSize>
    </device>

    <device version="1.0">
        <deviceName> AT24C02 </deviceName>
        <deviceDescription>
            Atmel AT24C02/02A 256 Byte I2C EEPROM
        </deviceDescription>
        <capacity> 256 </capacity>
        <addressWidth> 1 </addressWidth>
        <writeSize> 0x08 </writeSize>
    </device>

    <device version="1.0">
        <deviceName> AT24C02B </deviceName>
        <deviceDescription>
            Atmel AT24C02B 256 Byte I2C EEPROM
        </deviceDescription>
        <maxBitrate> 1000 </maxBitrate>
        <capacity> 256 </capacity>
        <addressWidth> 1 </addressWidth>
        <writeSize> 0x08 </writeSize>
    </device>

    <device version="1.0">
        <deviceName> AT24HC02B </deviceName>
        <deviceDescription>
            Atmel AT24HC02B 256 Byte I2C EEPROM
        </deviceDescription>
        <maxBitrate> 1000 </maxBitrate>
        <capacity> 256 </capacity>
        <addressWidth> 1 </addressWidth>
        <writeSize> 0x08 </writeSize>
    </device>

    <device version="1.0">
        <deviceName> AT24C04 </deviceName>
        <deviceDescription>
            Atmel AT24C04/04A 512 Byte I2C EEPROM
        </deviceDescription>
        <capacity> 512 </capacity>
        <addressWidth> 1 </addressWidth>
        <writeSize> 0x10 </writeSize>
    </device>

    <device version="1.0">
        <deviceName> AT24C04B </deviceName>
        <deviceDescription>
            Atmel AT24C04B 512 Byte I2C EEPROM
        </deviceDescription>
        <maxBitrate> 1000 </maxBitrate>
        <capacity> 512 </capacity>
        <addressWidth> 1 </addressWidth>
        <writeSize> 0x10 </writeSize>
    </device>

    <device version="1.0">
        <deviceName> AT24HC04B </deviceName>
        <deviceDescription>
            Atmel AT24HC04B 512 Byte I2C EEPROM
        </deviceDescription>
        <maxBitrate> 1000 </maxBitrate>
        <capacity> 512 </capacity>
        <addressWidth> 1 </addressWidth>
        <writeSize> 0x10 </writeSize>
    </device>

    <device version="1.0">
        <deviceName> AT24C08 </deviceName>
        <deviceDescription>
            Atmel AT24C08/08A 1 Kilobyte I2C EEPROM
        </deviceDescription>
        <capacity> 1024 </capacity>
        <addressWidth> 1 </addressWidth>
        <writeSize> 0x10 </writeSize>
    </device>

    <device version="1.0">
        <deviceName> AT24C08B </deviceName>
        <deviceDescription>
            Atmel AT24C08B 1 Kilobyte I2C EEPROM
        </deviceDescription>
        <maxBitrate> 1000 </maxBitrate>
        <capacity> 1024 </capacity>
        <addressWidth> 1 </addressWidth>
        <writeSize> 0x10 </writeSize>
    </device>

    <device version="1.0">
        <deviceName> AT24C16 </deviceName>
        <deviceDescription>
            Atmel AT24C16/16A 2 Kilobyte I2C EEPROM
        </deviceDescription>
        <capacity> 2048 </capacity>
        <addressWidth> 1 </addressWidth>
        <writeSize> 0x10 </writeSize>
    </device>

    <device version="1.0">
        <deviceName> AT24C16B </deviceName>
        <deviceDescription>
            Atmel AT24C16B 2 Kilobyte I2C EEPROM
        </deviceDescription>
        <maxBitrate> 1000 </maxBitrate>
        <capacity> 2048 </capacity>
        <addressWidth> 1 </addressWidth>
        <writeSize> 0x10 </writeSize>
    </device>

    <device version="1.0">
        <deviceName> AT24C164 </deviceName>
        <deviceDescription>
            Atmel AT24C164 2 Kilobyte I2C EEPROM
        </deviceDescription>
        <capacity> 2048 </capacity>
        <maxBitrate> 100 </maxBitrate>
        <writeSize> 0x10 </writeSize>
        <writeTime> 10000 </writeTime>
    </device>

    <device version="1.0">
        <deviceName> AT24C32 </deviceName>
        <deviceDescription>
            Atmel AT24C32/32A 4 Kilobyte I2C EEPROM
        </deviceDescription>
        <capacity> 4096 </capacity>
        <addressWidth> 2 </addressWidth>
        <writeSize> 0x20 </writeSize>
    </device>

    <device version="1.0">
        <deviceName> AT24C32C </deviceName>
        <deviceDescription>
            Atmel AT24C32C 4 Kilobyte I2C EEPROM
        </deviceDescription>
        <maxBitrate> 1000 </maxBitrate>
        <capacity> 4096 </capacity>
        <addressWidth> 2 </addressWidth>
        <writeSize> 0x20 </writeSize>
    </device>

    <device version="1.0">
        <deviceName> AT24C64 </deviceName>
        <deviceDescription>
            Atmel AT24C64/64A/64B 8 Kilobyte I2C EEPROM
        </deviceDescription>
        <capacity> 8192 </capacity>
        <addressWidth> 2 </addressWidth>
        <writeSize> 0x20 </writeSize>
    </device>

    <device version="1.0">
        <deviceName> AT24C64C </deviceName>
        <deviceDescription>
            Atmel AT24C64C 8 Kilobyte I2C EEPROM
        </deviceDescription>
        <maxBitrate> 1000 </maxBitrate>
        <capacity> 8192 </capacity>
        <addressWidth> 2 </addressWidth>
        <writeSize> 0x20 </writeSize>
    </device>

    <device version="1.0">
        <deviceName> AT24C128 </deviceName>
        <deviceDescription>
            Atmel AT24C128 16 Kilobyte I2C EEPROM
        </deviceDescription>
        <capacity> 16*1024 </capacity>
        <addressWidth> 2 </addressWidth>
        <writeSize> 0x40 </writeSize>
    </device>

    <device version="1.0">
        <deviceName> AT24C128B </deviceName>
        <deviceDescription>
            Atmel AT24C128B 16 Kilobyte I2C EEPROM
        </deviceDescription>
        <maxBitrate> 1000 </maxBitrate>
        <capacity> 16*1024 </capacity>
        <addressWidth> 2 </addressWidth>
        <writeSize> 0x40 </writeSize>
    </device>

    <device version="1.0">
        <deviceName> AT24C256 </deviceName>
        <deviceDescription>
            Atmel AT24C256 32 Kilobyte I2C EEPROM
        </deviceDescription>
        <capacity> 32*1024 </capacity>
        <addressWidth> 2 </addressWidth>
        <writeSize> 0x40 </writeSize>
    </device>

    <device version="1.0">
        <deviceName> AT24C256B </deviceName>
        <deviceDescription>
            Atmel AT24C256B 32 Kilobyte I2C EEPROM
        </deviceDescription>
        <maxBitrate> 1000 </maxBitrate>
        <capacity> 32*1024 </capacity>
        <addressWidth> 2 </addressWidth>
        <writeSize> 0x40 </writeSize>
    </device>

    <device version="1.0">
        <deviceName> AT24C512 </deviceName>
        <deviceDescription>
            Atmel AT24C512 64 Kilobyte I2C EEPROM
        </deviceDescription>
        <capacity> 64*1024 </capacity>
        <addressWidth> 2 </addressWidth>
        <writeSize> 0x80 </writeSize>
    </device>

    <device version="1.0">
        <deviceName> AT24C512B </deviceName>
        <deviceDescription>
            Atmel AT24C512B 64 Kilobyte I2C EEPROM
        </deviceDescription>
        <maxBitrate> 1000 </maxBitrate>
        <capacity> 64*1024 </capacity>
        <addressWidth> 2 </addressWidth>
        <writeSize> 0x80 </writeSize>
    </device>

    <device version="1.0">
        <deviceName> AT24C1024 </deviceName>
        <deviceDescription>
            Atmel AT24C1024 128 Kilobyte I2C EEPROM
        </deviceDescription>
        <capacity> 128*1024 </capacity>
        <addressWidth> 2 </addressWidth>
        <writeSize> 0x100 </writeSize>
    </device>

    <device version="1.0">
        <deviceName> AT24C1024B </deviceName>
        <deviceDescription>
            Atmel AT24C1024B 128 Kilobyte I2C EEPROM
        </deviceDescription>
        <maxBitrate> 1000 </maxBitrate>
        <capacity> 128*1024 </capacity>
        <addressWidth> 2 </addressWidth>
        <writeSize> 0x100 </writeSize>
    </device>

</devices>
