<?xml  version="1.0" encoding="UTF-8"?>
<devices>
    <default version="1.0">
        <manufacturerName> Catalyst Semiconductor </manufacturerName>
        <maxBitrate> 400 </maxBitrate>
        <writeTime> 5000 </writeTime>
        <baseDeviceAddress> 0x50 </baseDeviceAddress>
        <deviceAlgorithm> I2C EEPROM </deviceAlgorithm>
    </default>

    <device version="1.0">
        <deviceName> CAT24AC128 </deviceName>
        <deviceDescription>
            Catalyst CAT24AC128 16 Byte I2C EEPROM
        </deviceDescription>
        <capacity> 16 </capacity>
        <addressWidth> 2 </addressWidth>
        <writeSize> 64 </writeSize>
    </device>


    <device version="1.0">
        <deviceName> CAT24C01 </deviceName>
        <deviceDescription>
            Catalyst CAT24C01 128 Byte I2C EEPROM
        </deviceDescription>
        <capacity> 128 </capacity>
        <addressWidth> 1 </addressWidth>
        <writeSize> 16 </writeSize>
    </device>

    <device version="1.0">
        <deviceName> CAT24C02 </deviceName>
        <deviceDescription>
            Catalyst CAT24C02 256 Byte I2C EEPROM
        </deviceDescription>
        <capacity> 256 </capacity>
        <addressWidth> 1 </addressWidth>
        <writeSize> 16 </writeSize>
    </device>

    <device version="1.0">
        <deviceName> CAT24C03 </deviceName>
        <deviceDescription>
            Catalyst CAT24C03 256 Byte I2C EEPROM
        </deviceDescription>
        <capacity> 256 </capacity>
        <addressWidth> 1 </addressWidth>
        <writeSize> 16 </writeSize>
    </device>

    <device version="1.0">
        <deviceName> CAT24C04 </deviceName>
        <deviceDescription>
            Catalyst CAT24C04 512 Byte I2C EEPROM
        </deviceDescription>
        <capacity> 512 </capacity>
        <addressWidth> 1 </addressWidth>
        <writeSize> 16 </writeSize>
    </device>

    <device version="1.0">
        <deviceName> CAT24C05 </deviceName>
        <deviceDescription>
            Catalyst CAT24C05 512 Byte I2C EEPROM
        </deviceDescription>
        <capacity> 512 </capacity>
        <addressWidth> 1 </addressWidth>
        <writeSize> 16 </writeSize>
    </device>

    <device version="1.0">
        <deviceName> CAT24C08 </deviceName>
        <deviceDescription>
            Catalyst CAT24C08 1 Kilobyte I2C EEPROM
        </deviceDescription>
        <capacity> 1*1024 </capacity>
        <addressWidth> 1 </addressWidth>
        <writeSize> 16 </writeSize>
    </device>

    <device version="1.0">
        <deviceName> CAT24C16 </deviceName>
        <deviceDescription>
            Catalyst CAT24C16 2 Kilobyte I2C EEPROM
        </deviceDescription>
        <capacity> 2*1024 </capacity>
        <addressWidth> 1 </addressWidth>
        <writeSize> 16 </writeSize>
    </device>

    <device version="1.0">
        <deviceName> CAT24C32 </deviceName>
        <deviceDescription>
            Catalyst CAT24C32 4 Kilobyte I2C EEPROM
        </deviceDescription>
        <capacity> 4*1024 </capacity>
        <addressWidth> 2 </addressWidth>
        <writeSize> 32 </writeSize>
    </device>

    <device version="1.0">
        <deviceName> CAT24C64 </deviceName>
        <deviceDescription>
            Catalyst CAT24C64 8 Kilobyte I2C EEPROM
        </deviceDescription>
        <capacity> 8*1024 </capacity>
        <addressWidth> 2 </addressWidth>
        <writeSize> 64 </writeSize>
    </device>

    <device version="1.0">
        <deviceName> CAT24C128 </deviceName>
        <deviceDescription>
            Catalyst CAT24C128 16 Kilobyte I2C EEPROM
        </deviceDescription>
        <capacity> 16*1024 </capacity>
        <addressWidth> 2 </addressWidth>
        <writeSize> 64 </writeSize>
    </device>

    <device version="1.0">
        <deviceName> CAT24C256 </deviceName>
        <deviceDescription>
            Catalyst CAT24C256 32 Kilobyte I2C EEPROM
        </deviceDescription>
        <capacity> 32*1024 </capacity>
        <addressWidth> 2 </addressWidth>
        <writeSize> 64 </writeSize>
    </device>


    <device version="1.0">
        <deviceName> CAT24WC01 </deviceName>
        <deviceDescription>
            Catalyst CAT24WC01 128 Byte I2C EEPROM
        </deviceDescription>
        <capacity> 128 </capacity>
        <addressWidth> 1 </addressWidth>
        <writeSize> 16 </writeSize>
        <writeTime> 10000 </writeTime>
    </device>

    <device version="1.0">
        <deviceName> CAT24WC02 </deviceName>
        <deviceDescription>
            Catalyst CAT24WC02 256 Byte I2C EEPROM
        </deviceDescription>
        <capacity> 256 </capacity>
        <addressWidth> 1 </addressWidth>
        <writeSize> 16 </writeSize>
        <writeTime> 10000 </writeTime>
    </device>

    <device version="1.0">
        <deviceName> CAT24WC03 </deviceName>
        <deviceDescription>
            Catalyst CAT24WC03 256 Byte I2C EEPROM
        </deviceDescription>
        <capacity> 256 </capacity>
        <addressWidth> 1 </addressWidth>
        <writeSize> 16 </writeSize>
        <writeTime> 10000 </writeTime>
    </device>

    <device version="1.0">
        <deviceName> CAT24WC04 </deviceName>
        <deviceDescription>
            Catalyst CAT24WC04 512 Byte I2C EEPROM
        </deviceDescription>
        <capacity> 512 </capacity>
        <addressWidth> 1 </addressWidth>
        <writeSize> 16 </writeSize>
        <writeTime> 10000 </writeTime>
    </device>

    <device version="1.0">
        <deviceName> CAT24WC05 </deviceName>
        <deviceDescription>
            Catalyst CAT24WC05 512 Byte I2C EEPROM
        </deviceDescription>
        <capacity> 512 </capacity>
        <addressWidth> 1 </addressWidth>
        <writeSize> 16 </writeSize>
        <writeTime> 10000 </writeTime>
    </device>

    <device version="1.0">
        <deviceName> CAT24WC08 </deviceName>
        <deviceDescription>
            Catalyst CAT24WC08 1 Kilobyte I2C EEPROM
        </deviceDescription>
        <capacity> 1*1024 </capacity>
        <addressWidth> 1 </addressWidth>
        <writeSize> 16 </writeSize>
        <writeTime> 10000 </writeTime>
    </device>

    <device version="1.0">
        <deviceName> CAT24WC16 </deviceName>
        <deviceDescription>
            Catalyst CAT24WC16 2 Kilobyte I2C EEPROM
        </deviceDescription>
        <capacity> 2*1024 </capacity>
        <addressWidth> 1 </addressWidth>
        <writeSize> 16 </writeSize>
        <writeTime> 10000 </writeTime>
    </device>

    <device version="1.0">
        <deviceName> CAT24WC32 </deviceName>
        <deviceDescription>
            Catalyst CAT24WC32 4 Kilobyte I2C EEPROM
        </deviceDescription>
        <capacity> 4*1024 </capacity>
        <addressWidth> 2 </addressWidth>
        <writeSize> 32 </writeSize>
        <writeTime> 10000 </writeTime>
    </device>

    <device version="1.0">
        <deviceName> CAT24WC64 </deviceName>
        <deviceDescription>
            Catalyst CAT24WC64 8 Kilobyte I2C EEPROM
        </deviceDescription>
        <capacity> 8*1024 </capacity>
        <addressWidth> 2 </addressWidth>
        <writeSize> 32 </writeSize>
        <writeTime> 10000 </writeTime>
    </device>

    <device version="1.0">
        <deviceName> CAT24WC66 </deviceName>
        <deviceDescription>
            Catalyst CAT24WC66 8 Kilobyte I2C EEPROM
        </deviceDescription>
        <capacity> 8*1024 </capacity>
        <addressWidth> 2 </addressWidth>
        <writeSize> 32 </writeSize>
        <writeTime> 10000 </writeTime>
    </device>

    <device version="1.0">
        <deviceName> CAT24WC128 </deviceName>
        <deviceDescription>
            Catalyst CAT24WC128 16 Kilobyte I2C EEPROM
        </deviceDescription>
        <capacity> 16*1024 </capacity>
        <addressWidth> 2 </addressWidth>
        <writeSize> 64 </writeSize>
        <writeTime> 10000 </writeTime>
    </device>

    <device version="1.0">
        <deviceName> CAT24WC256 </deviceName>
        <deviceDescription>
            Catalyst CAT24WC256 32 Kilobyte I2C EEPROM
        </deviceDescription>
        <capacity> 32*1024 </capacity>
        <addressWidth> 2 </addressWidth>
        <writeSize> 64 </writeSize>
        <writeTime> 10000 </writeTime>
    </device>

    <device version="1.0">
        <deviceName> CAT34C02 </deviceName>
        <deviceDescription>
            Catalyst CAT34C02 256 Byte I2C EEPROM
        </deviceDescription>
        <capacity> 256 </capacity>
        <addressWidth> 1 </addressWidth>
        <writeSize> 16 </writeSize>
    </device>

    <device version="1.0">
        <deviceName> CAT24C21 </deviceName>
        <deviceDescription>
            Catalyst CAT24C21 128 Byte I2C EEPROM
        </deviceDescription>
        <capacity> 128 </capacity>
        <addressWidth> 1 </addressWidth>
        <writeSize> 16 </writeSize>
    </device>

    <device version="1.0">
        <deviceName> CAT24C208 </deviceName>
        <deviceDescription>
            Catalyst CAT24C208 1 Kilobyte I2C EEPROM
        </deviceDescription>
        <capacity> 1024 </capacity>
        <addressWidth> 1 </addressWidth>
        <writeSize> 16 </writeSize>
    </device>

</devices>
