<?xml version="1.0" encoding="UTF-8"?>
<devices>

    <default version="1.0">
        <manufacturerName> Catalyst Semiconductor </manufacturerName>
        <deviceAlgorithm> SPI EEPROM </deviceAlgorithm>
        <blockProtectBits> 0xc </blockProtectBits>
        <addressWidth> 2 </addressWidth>
        <maxBitrate> 10*1000 </maxBitrate>
        <writeTime> 5000 </writeTime>
    </default>

    <device version="1.0">
        <deviceName> CAT25010 </deviceName>
        <deviceDescription>
            Catalyst CAT25010 128 Byte SPI EEPROM
        </deviceDescription>
        <capacity> 128 </capacity>
        <addressWidth> 1 </addressWidth>
        <writeSize> 16 </writeSize>
        <deviceConnectedBits>0xf0</deviceConnectedBits>
        <deviceConnectedMask>0xf0</deviceConnectedMask>
    </device>

    <device version="1.0">
        <deviceName> CAT25020 </deviceName>
        <deviceDescription>
            Catalyst CAT25020 256 Byte SPI EEPROM
        </deviceDescription>
        <capacity> 256 </capacity>
        <addressWidth> 1 </addressWidth>
        <writeSize> 16 </writeSize>
        <deviceConnectedBits>0xf0</deviceConnectedBits>
        <deviceConnectedMask>0xf0</deviceConnectedMask>
    </device>

    <device version="1.0">
        <deviceName> CAT25040 </deviceName>
        <deviceDescription>
            Catalyst CAT25040 512 Byte SPI EEPROM
        </deviceDescription>
        <capacity> 512 </capacity>
        <addressWidth> 1 </addressWidth>
        <writeSize> 16 </writeSize>
        <deviceConnectedBits>0xf0</deviceConnectedBits>
        <deviceConnectedMask>0xf0</deviceConnectedMask>
    </device>

    <device version="1.0">
        <deviceName> CAT25080 </deviceName>
        <deviceDescription>
            Catalyst CAT25080 1 Kilobyte SPI EEPROM
        </deviceDescription>
        <capacity> 1*1024 </capacity>
        <writeSize> 32 </writeSize>
        <deviceConnectedBits>0x00</deviceConnectedBits>
        <deviceConnectedMask>0x70</deviceConnectedMask>
    </device>

    <device version="1.0">
        <deviceName> CAT25160 </deviceName>
        <deviceDescription>
            Catalyst CAT25160 2 Kilobyte SPI EEPROM
        </deviceDescription>
        <capacity> 2*1024 </capacity>
        <writeSize> 32 </writeSize>
        <deviceConnectedBits>0x00</deviceConnectedBits>
        <deviceConnectedMask>0x70</deviceConnectedMask>
    </device>

    <device version="1.0">
        <deviceName> CAT25320 </deviceName>
        <deviceDescription>
            Catalyst CAT25320 4 Kilobyte SPI EEPROM
        </deviceDescription>
        <capacity> 4*1024 </capacity>
        <writeSize> 32 </writeSize>
        <deviceConnectedBits>0x00</deviceConnectedBits>
        <deviceConnectedMask>0x70</deviceConnectedMask>
    </device>

    <device version="1.0">
        <deviceName> CAT25640 </deviceName>
        <deviceDescription>
            Catalyst CAT25640 8 Kilobyte SPI EEPROM
        </deviceDescription>
        <capacity> 8*1024 </capacity>
        <writeSize> 64 </writeSize>
        <deviceConnectedBits>0x00</deviceConnectedBits>
        <deviceConnectedMask>0x70</deviceConnectedMask>
    </device>

    <device version="1.0">
        <deviceName> CAT25C08 </deviceName>
        <deviceDescription>
            Catalyst CAT25C08 1 Kilobyte SPI EEPROM
        </deviceDescription>
        <capacity> 4*1024 </capacity>
        <writeSize> 32 </writeSize>
        <deviceConnectedBits>0x20</deviceConnectedBits>
        <deviceConnectedMask>0x70</deviceConnectedMask>
    </device>

    <device version="1.0">
        <deviceName> CAT25C16 </deviceName>
        <deviceDescription>
            Catalyst CAT25C16 2 Kilobyte SPI EEPROM
        </deviceDescription>
        <capacity> 2*1024 </capacity>
        <writeSize> 32 </writeSize>
        <deviceConnectedBits>0x20</deviceConnectedBits>
        <deviceConnectedMask>0x70</deviceConnectedMask>
    </device>

    <device version="1.0">
        <deviceName> CAT25C32 </deviceName>
        <deviceDescription>
            Catalyst CAT25C32 4 Kilobyte SPI EEPROM
        </deviceDescription>
        <capacity> 4*1024 </capacity>
        <writeSize> 64 </writeSize>
    </device>

    <device version="1.0">
        <deviceName> CAT25C64 </deviceName>
        <deviceDescription>
            Catalyst CAT25C64 8 Kilobyte SPI EEPROM
        </deviceDescription>
        <capacity> 8*1024 </capacity>
        <writeSize> 64 </writeSize>
    </device>

    <device version="1.0">
        <deviceName> CAT25C128 </deviceName>
        <deviceDescription>
            Catalyst CAT25C128 16 Kilobyte SPI EEPROM
        </deviceDescription>
        <capacity> 16*1024 </capacity>
        <maxBitrate> 5*1000 </maxBitrate>
        <writeSize> 64 </writeSize>
    </device>

    <device version="1.0">
        <deviceName> CAT25C256 </deviceName>
        <deviceDescription>
            Catalyst CAT25C256 32 Kilobyte SPI EEPROM
        </deviceDescription>
        <capacity> 32*1024 </capacity>
        <maxBitrate> 5*1000 </maxBitrate>
        <writeSize> 64 </writeSize>
    </device>

    <device version="1.0">
        <deviceName> CAT93C56 </deviceName>
        <deviceDescription>
            Catalyst CAT93C56 256 Byte SPI EEPROM
        </deviceDescription>
        <capacity> 256 </capacity>
        <maxBitrate> 2*1000 </maxBitrate>
        <spiSSPolarity> false </spiSSPolarity>
        <addressWidth> 1 </addressWidth>
        <readInstruction> 0x18 </readInstruction>
        <readStatusRegisterInstruction> 0x00 </readStatusRegisterInstruction>
        <writeInstruction> 0x0A </writeInstruction>
        <writeSize> 1 </writeSize>
        <writeEnableInstruction> 0x00 </writeEnableInstruction>
        <writeDisableInstruction> 0x00 </writeDisableInstruction>
        <userTransaction1> \x09\x80 </userTransaction1>
        <userTransaction1Time> 200000 </userTransaction1Time>
    </device>

</devices>

