<?xml version="1.0" encoding="UTF-8"?>
<devices>
    <default version="1.0">
        <manufacturerName> Chingis Technologies </manufacturerName>
        <deviceAlgorithm>SPI flash</deviceAlgorithm>
        <maxBitrate>100*1000</maxBitrate>
        <addressWidth>3</addressWidth>
        <readDummyBytes>1</readDummyBytes>
        <writeSize>256</writeSize>
        <eraseSize>4*1024</eraseSize>
        <writeTime>2000</writeTime>
        <eraseTime>40000</eraseTime>
        <eraseAllTime>40000</eraseAllTime>
        <writeStatusRegisterTime>40000</writeStatusRegisterTime>
        <hasEraseAll>true</hasEraseAll>
        <readInstruction>0x0b</readInstruction>
        <readDeviceIdInstruction>0x9f</readDeviceIdInstruction>
        <eraseInstruction>0xd7</eraseInstruction>
        <eraseAllInstruction>0xc7</eraseAllInstruction>
    </default>

    <device version="1.0">
        <deviceName>Pm25LV512</deviceName>
        <deviceDescription>
            Chingis Pm25LV512 64 Kilobyte SPI Flash
        </deviceDescription>
        <maxBitrate>33000</maxBitrate>
        <capacity>64*1024</capacity>
        <blockProtectBits>0x0c</blockProtectBits>
        <readDeviceIdInstruction>0x00</readDeviceIdInstruction>
    </device>

    <device version="1.0">
        <deviceName>Pm25LV010</deviceName>
        <deviceDescription>
            Chingis Pm25LV010 128 Kilobyte SPI Flash
        </deviceDescription>
        <maxBitrate>33000</maxBitrate>
        <capacity>128*1024</capacity>
        <blockProtectBits>0x0c</blockProtectBits>
        <readDeviceIdInstruction>0x00</readDeviceIdInstruction>
    </device>

    <device version="1.0">
        <deviceName>Pm25LV512A</deviceName>
        <deviceDescription>
            Chingis Pm25LV512A 64 Kilobyte SPI Flash
        </deviceDescription>
        <capacity>64*1024</capacity>
        <blockProtectBits>0x0c</blockProtectBits>
        <readDeviceIdInstruction>0x00</readDeviceIdInstruction>
        <deviceConnectedBits>0x00</deviceConnectedBits>
        <deviceConnectedMask>0x60</deviceConnectedMask>
    </device>

    <device version="1.0">
        <deviceName>Pm25LV010A</deviceName>
        <deviceDescription>
            Chingis Pm25LV010A 128 Kilobyte SPI Flash
        </deviceDescription>
        <capacity>128*1024</capacity>
        <blockProtectBits>0x0c</blockProtectBits>
        <expectedDeviceId>\x7f\x9d\x7c</expectedDeviceId>
        <deviceConnectedBits>0x00</deviceConnectedBits>
        <deviceConnectedMask>0x60</deviceConnectedMask>
    </device>

    <device version="1.0">
        <deviceName>Pm25LV020</deviceName>
        <deviceDescription>
            Chingis Pm25LV020 256 Kilobyte SPI Flash
        </deviceDescription>
        <capacity>256*1024</capacity>
        <blockProtectBits>0x0c</blockProtectBits>
        <expectedDeviceId>\x7f\x9d\x7d</expectedDeviceId>
        <deviceConnectedBits>0x00</deviceConnectedBits>
        <deviceConnectedMask>0x60</deviceConnectedMask>
    </device>

    <device version="1.0">
        <deviceName>Pm25LV040</deviceName>
        <deviceDescription>
            Chingis Pm25LV040 512 Kilobyte SPI Flash
        </deviceDescription>
        <capacity>512*1024</capacity>
        <blockProtectBits>0x1c</blockProtectBits>
        <expectedDeviceId>\x7f\x9d\x7e</expectedDeviceId>
        <deviceConnectedBits>0x00</deviceConnectedBits>
        <deviceConnectedMask>0x60</deviceConnectedMask>
    </device>

    <device version="1.0">
        <deviceName>Pm25LV080</deviceName>
        <deviceDescription>
            Chingis Pm25LV080 1 Megabyte SPI Flash
        </deviceDescription>
        <capacity>1024*1024</capacity>
        <blockProtectBits>0x1c</blockProtectBits>
        <expectedDeviceId>\x7f\x9d\x7a</expectedDeviceId>
        <deviceConnectedBits>0x00</deviceConnectedBits>
        <deviceConnectedMask>0x60</deviceConnectedMask>
    </device>

    <device version="1.0">
        <deviceName>Pm25LV016</deviceName>
        <deviceDescription>
            Chingis Pm25LV016 2 Megabyte SPI Flash
        </deviceDescription>
        <capacity>2*1024*1024</capacity>
        <blockProtectBits>0x1c</blockProtectBits>
        <expectedDeviceId>\x7f\x9d\x71</expectedDeviceId>
        <deviceConnectedBits>0x00</deviceConnectedBits>
        <deviceConnectedMask>0x60</deviceConnectedMask>
    </device>

    <device version="1.0">
        <deviceName>Pm25LV080B</deviceName>
        <deviceDescription>
            Chingis Pm25LV080B 1 Megabyte SPI Flash
        </deviceDescription>
        <capacity>1024*1024</capacity>
        <blockProtectBits>0x1c</blockProtectBits>
        <expectedDeviceId>\x7f\x9d\x13</expectedDeviceId>
        <deviceConnectedBits>0x00</deviceConnectedBits>
        <deviceConnectedMask>0x60</deviceConnectedMask>
    </device>

    <device version="1.0">
        <deviceName>Pm25LV016B</deviceName>
        <deviceDescription>
            Chingis Pm25LV016B 2 Megabyte SPI Flash
        </deviceDescription>
        <capacity>2*1024*1024</capacity>
        <blockProtectBits>0x1c</blockProtectBits>
        <expectedDeviceId>\x7f\x9d\x14</expectedDeviceId>
        <deviceConnectedBits>0x00</deviceConnectedBits>
        <deviceConnectedMask>0x60</deviceConnectedMask>
    </device>

</devices>
