<?xml version="1.0" encoding="UTF-8"?>
<devices>
    <default version="1.0">
        <manufacturerName> ISSI </manufacturerName>
        <writeTime> 5000 </writeTime>
        <deviceAlgorithm> SPI EEPROM </deviceAlgorithm>
        <addressWidth> 2 </addressWidth>
        <blockProtectBits> 0xC </blockProtectBits>
        <deviceConnectedBits>0x00</deviceConnectedBits>
    </default>

    <device version="1.0">
        <deviceName> IS25C01 </deviceName>
        <deviceDescription>
            ISSI IS25C01 128 Byte SPI EEPROM
        </deviceDescription>
        <capacity> 128 </capacity>
        <addressWidth> 1 </addressWidth>
        <writeSize> 8 </writeSize>
        <maxBitrate> 10*1000 </maxBitrate>
        <deviceConnectedMask>0xf0</deviceConnectedMask>
    </device>

    <device version="1.0">
        <deviceName> IS25C02 </deviceName>
        <deviceDescription>
            ISSI IS25C02 256 Byte SPI EEPROM
        </deviceDescription>
        <capacity> 256 </capacity>
        <addressWidth> 1 </addressWidth>
        <writeSize> 16 </writeSize>
        <maxBitrate> 10*1000 </maxBitrate>
        <deviceConnectedMask>0xf0</deviceConnectedMask>
    </device>

    <device version="1.0">
        <deviceName> IS25C04 </deviceName>
        <deviceDescription>
            ISSI IS25C04 512 Byte SPI EEPROM
        </deviceDescription>
        <capacity> 512 </capacity>
        <addressWidth> 1 </addressWidth>
        <writeSize> 16 </writeSize>
        <maxBitrate> 10*1000 </maxBitrate>
        <deviceConnectedMask>0xf0</deviceConnectedMask>
    </device>

    <device version="1.0">
        <deviceName> IS25C08 </deviceName>
        <deviceDescription>
            ISSI IS25C08 1 Kilobyte SPI EEPROM
        </deviceDescription>
        <capacity> 1*1024 </capacity>
        <writeSize> 16 </writeSize>
        <maxBitrate> 10*1000 </maxBitrate>
        <deviceConnectedMask>0x70</deviceConnectedMask>
    </device>

    <device version="1.0">
        <deviceName> IS25C16 </deviceName>
        <deviceDescription>
            ISSI IS25C16 2 Kilobyte SPI EEPROM
        </deviceDescription>
        <capacity> 2*1024 </capacity>
        <writeSize> 16 </writeSize>
        <maxBitrate> 10*1000 </maxBitrate>
        <deviceConnectedMask>0x70</deviceConnectedMask>
    </device>

    <device version="1.0">
        <deviceName> IS25C128 </deviceName>
        <deviceDescription>
            ISSI IS25C128 16 Kilobyte SPI EEPROM
        </deviceDescription>
        <capacity> 16*1024 </capacity>
        <writeSize> 64 </writeSize>
        <maxBitrate> 21*1000 </maxBitrate>
        <deviceConnectedMask>0x70</deviceConnectedMask>
    </device>

    <device version="1.0">
        <deviceName> IS25C256 </deviceName>
        <deviceDescription>
            ISSI IS25C256 32 Kilobyte SPI EEPROM
        </deviceDescription>
        <capacity> 32*1024 </capacity>
        <writeSize> 64 </writeSize>
        <maxBitrate> 21*1000 </maxBitrate>
        <deviceConnectedMask>0x70</deviceConnectedMask>
    </device>

    <device version="1.0">
        <deviceName> IS25C32A </deviceName>
        <deviceDescription>
            ISSI IS25C32A 4 Kilobyte SPI EEPROM
        </deviceDescription>
        <capacity> 4*1024 </capacity>
        <writeSize> 32 </writeSize>
        <maxBitrate> 10*1000 </maxBitrate>
        <deviceConnectedMask>0x70</deviceConnectedMask>
    </device>

    <device version="1.0">
        <deviceName> IS25C64A </deviceName>
        <deviceDescription>
            ISSI IS25C64A 8 Kilobyte SPI EEPROM
        </deviceDescription>
        <capacity> 8*1024 </capacity>
        <writeSize> 32 </writeSize>
        <maxBitrate> 10*1000 </maxBitrate>
        <deviceConnectedMask>0x70</deviceConnectedMask>
    </device>

</devices>
