<?xml  version="1.0" encoding="UTF-8"?>
<devices>
    <default version="1.0">
        <manufacturerName> ISSI </manufacturerName>
        <maxBitrate> 400 </maxBitrate>
        <writeTime> 5000 </writeTime>
        <baseDeviceAddress> 0x50 </baseDeviceAddress>
        <deviceAlgorithm> I2C EEPROM </deviceAlgorithm>
    </default>

    <device version="1.0">
        <deviceName> IS24C01 </deviceName>
        <deviceDescription>
            ISSI IS24C01/01B 128 Byte I2C EEPROM
        </deviceDescription>
        <capacity> 128 </capacity>
        <addressWidth> 1 </addressWidth>
        <writeSize> 8 </writeSize>
    </device>

    <device version="1.0">
        <deviceName> IS24C02 </deviceName>
        <deviceDescription>
            ISSI IS24C02/02B 256 Byte I2C EEPROM
        </deviceDescription>
        <capacity> 256 </capacity>
        <addressWidth> 1 </addressWidth>
        <writeSize> 8 </writeSize>
    </device>

    <device version="1.0">
        <deviceName> IS24C02A </deviceName>
        <deviceDescription>
            ISSI IS24C02A 256 Byte I2C EEPROM
        </deviceDescription>
        <capacity> 256 </capacity>
        <addressWidth> 1 </addressWidth>
        <writeSize> 16 </writeSize>
    </device>

    <device version="1.0">
        <deviceName> IS24C04 </deviceName>
        <deviceDescription>
            ISSI IS24C04 512 Byte I2C EEPROM
        </deviceDescription>
        <capacity> 512 </capacity>
        <autoPageUpdate> false </autoPageUpdate>
        <addressWidth> 1 </addressWidth>
        <maxBitrate> 100 </maxBitrate>
        <writeTime> 10000 </writeTime>
        <writeSize> 16 </writeSize>
    </device>

    <device version="1.0">
        <deviceName> IS24C04A </deviceName>
        <deviceDescription>
            ISSI IS24C04A 512 Byte I2C EEPROM
        </deviceDescription>
        <capacity> 512 </capacity>
        <addressWidth> 1 </addressWidth>
        <writeSize> 16 </writeSize>
    </device>

    <device version="1.0">
        <deviceName> IS24C08A </deviceName>
        <deviceDescription>
            ISSI IS24C08A 1 Kilobyte I2C EEPROM
        </deviceDescription>
        <capacity> 1024 </capacity>
        <addressWidth> 1 </addressWidth>
        <writeSize> 16 </writeSize>
    </device>

    <device version="1.0">
        <deviceName> IS24C16A </deviceName>
        <deviceDescription>
            ISSI IS24C16A 2 Kilobyte I2C EEPROM
        </deviceDescription>
        <capacity> 2*1024 </capacity>
        <addressWidth> 1 </addressWidth>
        <writeSize> 16 </writeSize>
    </device>

    <device version="1.0">
        <deviceName> IS24C32A/B </deviceName>
        <deviceDescription>
            ISSI IS24C32A/B 4 Kilobyte I2C EEPROM
        </deviceDescription>
        <capacity> 4*1024 </capacity>
        <addressWidth> 2 </addressWidth>
        <writeSize> 32 </writeSize>
    </device>

    <device version="1.0">
        <deviceName> IS24C64A/B </deviceName>
        <deviceDescription>
            ISSI IS24C64A/B 8 Kilobyte I2C EEPROM
        </deviceDescription>
        <capacity> 8*1024 </capacity>
        <addressWidth> 2 </addressWidth>
        <writeSize> 32 </writeSize>
    </device>

    <device version="1.0">
        <deviceName> IS24C128 </deviceName>
        <deviceDescription>
            ISSI IS24C128 16 Kilobyte I2C EEPROM
        </deviceDescription>
        <capacity> 16*1024 </capacity>
        <addressWidth> 2 </addressWidth>
        <writeSize> 64 </writeSize>
    </device>

    <device version="1.0">
        <deviceName> IS24L128 </deviceName>
        <deviceDescription>
            ISSI IS24L128 16 Kilobyte I2C EEPROM
        </deviceDescription>
        <maxBitrate> 1000 </maxBitrate>
        <capacity> 16*1024 </capacity>
        <addressWidth> 2 </addressWidth>
        <writeSize> 64 </writeSize>
    </device>

    <device version="1.0">
        <deviceName> IS24L256 </deviceName>
        <deviceDescription>
            ISSI IS24L256 32 Kilobyte I2C EEPROM
        </deviceDescription>
        <maxBitrate> 1000 </maxBitrate>
        <capacity> 32*1024 </capacity>
        <addressWidth> 2 </addressWidth>
        <writeSize> 64 </writeSize>
    </device>

</devices>
