<?xml version="1.0" encoding="UTF-8"?>
<devices>
    <default version="1.0">
        <manufacturerName> Macronix </manufacturerName>
        <deviceAlgorithm>SPI flash</deviceAlgorithm>
        <maxBitrate>24000</maxBitrate>
        <addressWidth>3</addressWidth>
        <readDummyBytes>1</readDummyBytes>
        <writeSize>256</writeSize>
        <eraseSize>4*1024</eraseSize>
        <writeTime>1400</writeTime>
        <eraseTime>60000</eraseTime>
        <hasEraseAll>true</hasEraseAll>
        <readInstruction>0x0b</readInstruction>
        <readDeviceIdInstruction>0x9f</readDeviceIdInstruction>
        <eraseInstruction>0x20</eraseInstruction>
        <eraseAllInstruction>0xc7</eraseAllInstruction>
    </default>

    <device version="1.0">
        <deviceName>MX25L512</deviceName>
        <deviceDescription>
            Macronix MX25L512 64 Kilobyte SPI Flash
        </deviceDescription>
        <capacity>64*1024</capacity>
        <blockProtectBits>0x0c</blockProtectBits>
        <eraseAllTime>1000000</eraseAllTime>
        <expectedDeviceId>\xc2\x20\x10</expectedDeviceId>
        <deviceConnectedBits>0x00</deviceConnectedBits>
        <deviceConnectedMask>0x70</deviceConnectedMask>
    </device>

    <device version="1.0">
        <deviceName>MX25V512E</deviceName>
        <deviceDescription>
            Macronix MX25V512E 64 Kilobyte SPI Flash
        </deviceDescription>
        <capacity>64*1024</capacity>
        <blockProtectBits>0x0c</blockProtectBits>
        <writeStatusRegisterTime>5000</writeStatusRegisterTime>
        <eraseAllTime>500000</eraseAllTime>
        <expectedDeviceId>\xc2\x20\x10</expectedDeviceId>
    </device>

    <device version="1.0">
        <deviceName>MX25L512E</deviceName>
        <deviceDescription>
            Macronix MX25L512E 64 Kilobyte SPI Flash
        </deviceDescription>
        <capacity>64*1024</capacity>
        <blockProtectBits>0x0c</blockProtectBits>
        <writeStatusRegisterTime>5000</writeStatusRegisterTime>
        <eraseAllTime>400000</eraseAllTime>
        <expectedDeviceId>\xc2\x20\x10</expectedDeviceId>
    </device>

    <device version="1.0">
        <deviceName>MX25L5121E</deviceName>
        <deviceDescription>
            Macronix MX25L5121E 64 Kilobyte SPI Flash
        </deviceDescription>
        <capacity>64*1024</capacity>
        <blockProtectBits>0x0c</blockProtectBits>
        <eraseAllTime>1000000</eraseAllTime>
        <expectedDeviceId>\xc2\x22\x10</expectedDeviceId>
        <writeSize>32</writeSize>
    </device>

    <device version="1.0">
        <deviceName>MX25L1005</deviceName>
        <deviceDescription>
            Macronix MX25L1005 128 Kilobyte SPI Flash
        </deviceDescription>
        <capacity>128*1024</capacity>
        <blockProtectBits>0x0c</blockProtectBits>
        <eraseAllTime>1000000</eraseAllTime>
        <expectedDeviceId>\xc2\x20\x11</expectedDeviceId>
        <deviceConnectedBits>0x00</deviceConnectedBits>
        <deviceConnectedMask>0x70</deviceConnectedMask>
    </device>

    <device version="1.0">
        <deviceName>MX25V1006E</deviceName>
        <deviceDescription>
            Macronix MX25V1006E 128 Kilobyte SPI Flash
        </deviceDescription>
        <capacity>128*1024</capacity>
        <blockProtectBits>0x0c</blockProtectBits>
        <writeStatusRegisterTime>5000</writeStatusRegisterTime>
        <eraseAllTime>800000</eraseAllTime>
        <expectedDeviceId>\xc2\x20\x11</expectedDeviceId>
    </device>

    <device version="1.0">
        <deviceName>MX25L1006E</deviceName>
        <deviceDescription>
            Macronix MX25L1006E 128 Kilobyte SPI Flash
        </deviceDescription>
        <capacity>128*1024</capacity>
        <blockProtectBits>0x0c</blockProtectBits>
        <writeStatusRegisterTime>5000</writeStatusRegisterTime>
        <eraseAllTime>800000</eraseAllTime>
        <expectedDeviceId>\xc2\x20\x11</expectedDeviceId>
    </device>

    <device version="1.0">
        <deviceName>MX25L1021E</deviceName>
        <deviceDescription>
            Macronix MX25L1021E 128 Kilobyte SPI Flash
        </deviceDescription>
        <capacity>128*1024</capacity>
        <blockProtectBits>0x0c</blockProtectBits>
        <eraseAllTime>1500000</eraseAllTime>
        <expectedDeviceId>\xc2\x22\x11</expectedDeviceId>
        <writeSize>32</writeSize>
    </device>

    <device version="1.0">
        <deviceName>MX25L1026E</deviceName>
        <deviceDescription>
            Macronix MX25L1026E 128 Kilobyte SPI Flash
        </deviceDescription>
        <capacity>128*1024</capacity>
        <blockProtectBits>0x0c</blockProtectBits>
        <eraseAllTime>800000</eraseAllTime>
        <expectedDeviceId>\xc2\x20\x11</expectedDeviceId>
    </device>

    <device version="1.0">
        <deviceName>MX25L2005</deviceName>
        <deviceDescription>
            Macronix MX25L2005 256 Kilobyte SPI Flash
        </deviceDescription>
        <capacity>256*1024</capacity>
        <blockProtectBits>0x0c</blockProtectBits>
        <eraseAllTime>1800000</eraseAllTime>
        <expectedDeviceId>\xc2\x20\x12</expectedDeviceId>
        <deviceConnectedBits>0x00</deviceConnectedBits>
        <deviceConnectedMask>0x70</deviceConnectedMask>
    </device>

    <device version="1.0">
        <deviceName>MX25V2006E</deviceName>
        <deviceDescription>
            Macronix MX25V2006E 256 Kilobyte SPI Flash
        </deviceDescription>
        <capacity>256*1024</capacity>
        <blockProtectBits>0x0c</blockProtectBits>
        <writeStatusRegisterTime>5000</writeStatusRegisterTime>
        <eraseAllTime>1700000</eraseAllTime>
        <expectedDeviceId>\xc2\x20\x12</expectedDeviceId>
    </device>

    <device version="1.0">
        <deviceName>MX25L2006E</deviceName>
        <deviceDescription>
            Macronix MX25L2006E 256 Kilobyte SPI Flash
        </deviceDescription>
        <capacity>256*1024</capacity>
        <blockProtectBits>0x0c</blockProtectBits>
        <writeStatusRegisterTime>5000</writeStatusRegisterTime>
        <eraseAllTime>1700000</eraseAllTime>
        <expectedDeviceId>\xc2\x20\x12</expectedDeviceId>
    </device>

    <device version="1.0">
        <deviceName>MX25L2026E</deviceName>
        <deviceDescription>
            Macronix MX25L2026E 256 Kilobyte SPI Flash
        </deviceDescription>
        <capacity>256*1024</capacity>
        <blockProtectBits>0x0c</blockProtectBits>
        <eraseAllTime>1700000</eraseAllTime>
        <expectedDeviceId>\xc2\x20\x12</expectedDeviceId>
    </device>

    <device version="1.0">
        <deviceName>MX25L4005A</deviceName>
        <deviceDescription>
            Macronix MX25L4005A 512 Kilobyte SPI Flash
        </deviceDescription>
        <capacity>512*1024</capacity>
        <blockProtectBits>0x1c</blockProtectBits>
        <eraseAllTime>3500000</eraseAllTime>
        <expectedDeviceId>\xc2\x20\x13</expectedDeviceId>
        <deviceConnectedBits>0x00</deviceConnectedBits>
        <deviceConnectedMask>0x60</deviceConnectedMask>
    </device>

    <device version="1.0">
        <deviceName>MX25V4035</deviceName>
        <deviceDescription>
            Macronix MX25V4035 512 Kilobyte SPI Flash
        </deviceDescription>
        <capacity>512*1024</capacity>
        <blockProtectBits>0x3c</blockProtectBits>
        <writeStatusRegisterTime>5000</writeStatusRegisterTime>
        <eraseAllTime>7500000</eraseAllTime>
        <expectedDeviceId>\xc2\x25\x53</expectedDeviceId>
    </device>

    <device version="1.0">
        <deviceName>MX25V4006E</deviceName>
        <deviceDescription>
            Macronix MX25V4006E 512 Kilobyte SPI Flash
        </deviceDescription>
        <capacity>512*1024</capacity>
        <blockProtectBits>0x1c</blockProtectBits>
        <writeStatusRegisterTime>5000</writeStatusRegisterTime>
        <eraseAllTime>1700000</eraseAllTime>
        <expectedDeviceId>\xc2\x20\x13</expectedDeviceId>
    </device>

    <device version="1.0">
        <deviceName>MX25L4006E</deviceName>
        <deviceDescription>
            Macronix MX25L4006E 512 Kilobyte SPI Flash
        </deviceDescription>
        <capacity>512*1024</capacity>
        <blockProtectBits>0x1c</blockProtectBits>
        <writeStatusRegisterTime>5000</writeStatusRegisterTime>
        <eraseAllTime>1700000</eraseAllTime>
        <expectedDeviceId>\xc2\x20\x13</expectedDeviceId>
    </device>

    <device version="1.0">
        <deviceName>MX25L4026E</deviceName>
        <deviceDescription>
            Macronix MX25L4026E 512 Kilobyte SPI Flash
        </deviceDescription>
        <capacity>512*1024</capacity>
        <blockProtectBits>0x1c</blockProtectBits>
        <eraseAllTime>1700000</eraseAllTime>
        <expectedDeviceId>\xc2\x20\x13</expectedDeviceId>
    </device>

    <device version="1.0">
        <deviceName>MX25L8005</deviceName>
        <deviceDescription>
            Macronix MX25L8005 1 Megabyte SPI Flash
        </deviceDescription>
        <maxBitrate>70000</maxBitrate>
        <capacity>1024*1024</capacity>
        <blockProtectBits>0x1c</blockProtectBits>
        <eraseAllTime>7000000</eraseAllTime>
        <expectedDeviceId>\xc2\x20\x14</expectedDeviceId>
        <deviceConnectedBits>0x00</deviceConnectedBits>
        <deviceConnectedMask>0x60</deviceConnectedMask>
    </device>

    <device version="1.0">
        <deviceName>MX25V8035</deviceName>
        <deviceDescription>
            Macronix MX25V8035 1 Megabyte SPI Flash
        </deviceDescription>
        <capacity>1024*1024</capacity>
        <blockProtectBits>0x3c</blockProtectBits>
        <writeStatusRegisterTime>5000</writeStatusRegisterTime>
        <eraseAllTime>13000000</eraseAllTime>
        <expectedDeviceId>\xc2\x25\x54</expectedDeviceId>
    </device>

    <device version="1.0">
        <deviceName>MX25V8006E</deviceName>
        <deviceDescription>
            Macronix MX25V8006E 1 Megabyte SPI Flash
        </deviceDescription>
        <capacity>1024*1024</capacity>
        <blockProtectBits>0x1c</blockProtectBits>
        <writeStatusRegisterTime>5000</writeStatusRegisterTime>
        <eraseAllTime>3500000</eraseAllTime>
        <expectedDeviceId>\xc2\x20\x14</expectedDeviceId>
    </device>

    <device version="1.0">
        <deviceName>MX25L8006E</deviceName>
        <deviceDescription>
            Macronix MX25L8006E 1 Megabyte SPI Flash
        </deviceDescription>
        <capacity>1024*1024</capacity>
        <blockProtectBits>0x1c</blockProtectBits>
        <writeStatusRegisterTime>5000</writeStatusRegisterTime>
        <eraseAllTime>3500000</eraseAllTime>
        <expectedDeviceId>\xc2\x20\x14</expectedDeviceId>
    </device>

    <device version="1.0">
        <deviceName>MX25L8035E</deviceName>
        <deviceDescription>
            Macronix MX25L8035E 1 Megabyte SPI Flash
        </deviceDescription>
        <capacity>1024*1024</capacity>
        <blockProtectBits>0x3c</blockProtectBits>
        <writeStatusRegisterTime>5000</writeStatusRegisterTime>
        <eraseAllTime>3000000</eraseAllTime>
        <expectedDeviceId>\xc2\x20\x14</expectedDeviceId>
    </device>

    <device version="1.0">
        <deviceName>MX25L8036E</deviceName>
        <deviceDescription>
            Macronix MX25L8036E 1 Megabyte SPI Flash
        </deviceDescription>
        <capacity>1024*1024</capacity>
        <blockProtectBits>0x3c</blockProtectBits>
        <writeStatusRegisterTime>5000</writeStatusRegisterTime>
        <eraseAllTime>3000000</eraseAllTime>
        <expectedDeviceId>\xc2\x20\x14</expectedDeviceId>
    </device>

    <device version="1.0">
        <deviceName>MX25L8073E</deviceName>
        <deviceDescription>
            Macronix MX25L8073E 1 Megabyte SPI Flash
        </deviceDescription>
        <capacity>1024*1024</capacity>
        <blockProtectBits>0x3c</blockProtectBits>
        <writeStatusRegisterTime>5000</writeStatusRegisterTime>
        <eraseAllTime>3000000</eraseAllTime>
        <expectedDeviceId>\xc2\x20\x14</expectedDeviceId>
    </device>

    <device version="1.0">
        <deviceName>MX25L1605</deviceName>
        <deviceDescription>
            Macronix MX25L1605 2 Megabyte SPI Flash
        </deviceDescription>
        <maxBitrate>50000</maxBitrate>
        <capacity>2*1024*1024</capacity>
        <blockProtectBits>0x1c</blockProtectBits>
        <eraseSize>64*1024</eraseSize>
        <writeTime>2400</writeTime>
        <writeStatusRegisterTime>90000</writeStatusRegisterTime>
        <eraseTime>800000</eraseTime>
        <eraseAllTime>25000000</eraseAllTime>
        <expectedDeviceId>\xc2\x20\x15</expectedDeviceId>
        <deviceConnectedBits>0x00</deviceConnectedBits>
        <deviceConnectedMask>0x20</deviceConnectedMask>
    </device>

    <device version="1.0">
        <deviceName>MX25L1605A</deviceName>
        <deviceDescription>
            Macronix MX25L1605A 2 Megabyte SPI Flash
        </deviceDescription>
        <capacity>2*1024*1024</capacity>
        <blockProtectBits>0x1c</blockProtectBits>
        <eraseAllTime>14000000</eraseAllTime>
        <expectedDeviceId>\xc2\x20\x15</expectedDeviceId>
        <deviceConnectedBits>0x00</deviceConnectedBits>
        <deviceConnectedMask>0x60</deviceConnectedMask>
    </device>

    <device version="1.0">
        <deviceName>MX25L1605D</deviceName>
        <deviceDescription>
            Macronix MX25L1605D 2 Megabyte SPI Flash
        </deviceDescription>
        <capacity>2*1024*1024</capacity>
        <blockProtectBits>0x3c</blockProtectBits>
        <writeStatusRegisterTime>40000</writeStatusRegisterTime>
        <eraseAllTime>14000000</eraseAllTime>
        <expectedDeviceId>\xc2\x20\x15</expectedDeviceId>
    </device>

    <device version="1.0">
        <deviceName>MX25L1606E</deviceName>
        <deviceDescription>
            Macronix MX25L1606E 2 Megabyte SPI Flash
        </deviceDescription>
        <capacity>2*1024*1024</capacity>
        <blockProtectBits>0x3c</blockProtectBits>
        <writeStatusRegisterTime>5000</writeStatusRegisterTime>
        <eraseAllTime>6500000</eraseAllTime>
        <expectedDeviceId>\xc2\x20\x15</expectedDeviceId>
    </device>

    <device version="1.0">
        <deviceName>MX25L1633E</deviceName>
        <deviceDescription>
            Macronix MX25L1633E 2 Megabyte SPI Flash
        </deviceDescription>
        <capacity>2*1024*1024</capacity>
        <blockProtectBits>0x3c</blockProtectBits>
        <writeStatusRegisterTime>5000</writeStatusRegisterTime>
        <eraseAllTime>5000000</eraseAllTime>
        <expectedDeviceId>\xc2\x24\x15</expectedDeviceId>
    </device>

    <device version="1.0">
        <deviceName>MX25L1635E</deviceName>
        <deviceDescription>
            Macronix MX25L1635E 2 Megabyte SPI Flash
        </deviceDescription>
        <capacity>2*1024*1024</capacity>
        <blockProtectBits>0x3c</blockProtectBits>
        <writeStatusRegisterTime>5000</writeStatusRegisterTime>
        <eraseAllTime>6000000</eraseAllTime>
        <expectedDeviceId>\xc2\x25\x15</expectedDeviceId>
    </device>

    <device version="1.0">
        <deviceName>MX25L1636E</deviceName>
        <deviceDescription>
            Macronix MX25L1636E 2 Megabyte SPI Flash
        </deviceDescription>
        <capacity>2*1024*1024</capacity>
        <blockProtectBits>0x3c</blockProtectBits>
        <writeStatusRegisterTime>5000</writeStatusRegisterTime>
        <eraseAllTime>6000000</eraseAllTime>
        <expectedDeviceId>\xc2\x25\x15</expectedDeviceId>
    </device>

    <device version="1.0">
        <deviceName>MX25L1673E</deviceName>
        <deviceDescription>
            Macronix MX25L1673E 2 Megabyte SPI Flash
        </deviceDescription>
        <capacity>2*1024*1024</capacity>
        <blockProtectBits>0x3c</blockProtectBits>
        <writeStatusRegisterTime>5000</writeStatusRegisterTime>
        <eraseAllTime>5000000</eraseAllTime>
        <expectedDeviceId>\xc2\x24\x15</expectedDeviceId>
    </device>

    <device version="1.0">
        <deviceName>MX25L3205</deviceName>
        <deviceDescription>
            Macronix MX25L3205 4 Megabyte SPI Flash
        </deviceDescription>
        <maxBitrate>50000</maxBitrate>
        <capacity>4*1024*1024</capacity>
        <blockProtectBits>0x1c</blockProtectBits>
        <eraseSize>64*1024</eraseSize>
        <writeTime>2400</writeTime>
        <writeStatusRegisterTime>90000</writeStatusRegisterTime>
        <eraseTime>800000</eraseTime>
        <eraseAllTime>51000000</eraseAllTime>
        <expectedDeviceId>\xc2\x20\x16</expectedDeviceId>
        <deviceConnectedBits>0x00</deviceConnectedBits>
        <deviceConnectedMask>0x20</deviceConnectedMask>
    </device>

    <device version="1.0">
        <deviceName>MX25L3205A</deviceName>
        <deviceDescription>
            Macronix MX25L3205A 4 Megabyte SPI Flash
        </deviceDescription>
        <maxBitrate>50000</maxBitrate>
        <capacity>4*1024*1024</capacity>
        <blockProtectBits>0x1c</blockProtectBits>
        <eraseSize>64*1024</eraseSize>
        <writeTime>2400</writeTime>
        <writeStatusRegisterTime>90000</writeStatusRegisterTime>
        <eraseTime>800000</eraseTime>
        <eraseAllTime>51000000</eraseAllTime>
        <expectedDeviceId>\xc2\x20\x16</expectedDeviceId>
        <deviceConnectedBits>0x00</deviceConnectedBits>
        <deviceConnectedMask>0x20</deviceConnectedMask>
    </device>

    <device version="1.0">
        <deviceName>MX25L3205D</deviceName>
        <deviceDescription>
            Macronix MX25L3205D 4 Megabyte SPI Flash
        </deviceDescription>
        <capacity>4*1024*1024</capacity>
        <blockProtectBits>0x3c</blockProtectBits>
        <writeStatusRegisterTime>40000</writeStatusRegisterTime>
        <eraseAllTime>25000000</eraseAllTime>
        <expectedDeviceId>\xc2\x20\x16</expectedDeviceId>
    </device>

    <device version="1.0">
        <deviceName>MX25L3206E</deviceName>
        <deviceDescription>
            Macronix MX25L3206E 4 Megabyte SPI Flash
        </deviceDescription>
        <capacity>4*1024*1024</capacity>
        <blockProtectBits>0x3c</blockProtectBits>
        <writeStatusRegisterTime>5000</writeStatusRegisterTime>
        <eraseAllTime>25000000</eraseAllTime>
        <expectedDeviceId>\xc2\x20\x16</expectedDeviceId>
    </device>

    <device version="1.0">
        <deviceName>MX25L3235E</deviceName>
        <deviceDescription>
            Macronix MX25L3235E 4 Megabyte SPI Flash
        </deviceDescription>
        <capacity>4*1024*1024</capacity>
        <blockProtectBits>0x3c</blockProtectBits>
        <writeStatusRegisterTime>5000</writeStatusRegisterTime>
        <eraseAllTime>10000000</eraseAllTime>
        <expectedDeviceId>\xc2\x20\x16</expectedDeviceId>
    </device>

    <device version="1.0">
        <deviceName>MX25L3239E</deviceName>
        <deviceDescription>
            Macronix MX25L3239E 4 Megabyte SPI Flash
        </deviceDescription>
        <capacity>4*1024*1024</capacity>
        <blockProtectBits>0x3c</blockProtectBits>
        <writeStatusRegisterTime>5000</writeStatusRegisterTime>
        <eraseAllTime>10000000</eraseAllTime>
        <expectedDeviceId>\xc2\x25\x36</expectedDeviceId>
    </device>

    <device version="1.0">
        <deviceName>MX25L3273E</deviceName>
        <deviceDescription>
            Macronix MX25L3273E 4 Megabyte SPI Flash
        </deviceDescription>
        <capacity>4*1024*1024</capacity>
        <blockProtectBits>0x3c</blockProtectBits>
        <writeStatusRegisterTime>5000</writeStatusRegisterTime>
        <eraseAllTime>10000000</eraseAllTime>
        <expectedDeviceId>\xc2\x20\x16</expectedDeviceId>
    </device>

    <device version="1.0">
        <deviceName>MX25L6405</deviceName>
        <deviceDescription>
            Macronix MX25L6405 8 Megabyte SPI Flash
        </deviceDescription>
        <maxBitrate>50000</maxBitrate>
        <capacity>8*1024*1024</capacity>
        <blockProtectBits>0x3c</blockProtectBits>
        <eraseSize>64*1024</eraseSize>
        <writeTime>2400</writeTime>
        <writeStatusRegisterTime>90000</writeStatusRegisterTime>
        <eraseTime>800000</eraseTime>
        <eraseAllTime>102000000</eraseAllTime>
        <expectedDeviceId>\xc2\x20\x17</expectedDeviceId>
    </device>

    <device version="1.0">
        <deviceName>MX25L6405D</deviceName>
        <deviceDescription>
            Macronix MX25L6405D 8 Megabyte SPI Flash
        </deviceDescription>
        <capacity>8*1024*1024</capacity>
        <blockProtectBits>0x3c</blockProtectBits>
        <writeStatusRegisterTime>40000</writeStatusRegisterTime>
        <eraseAllTime>50000000</eraseAllTime>
        <expectedDeviceId>\xc2\x20\x17</expectedDeviceId>
    </device>

    <device version="1.0">
        <deviceName>MX25L6406E</deviceName>
        <deviceDescription>
            Macronix MX25L6406E 8 Megabyte SPI Flash
        </deviceDescription>
        <capacity>8*1024*1024</capacity>
        <blockProtectBits>0x3c</blockProtectBits>
        <writeStatusRegisterTime>5000</writeStatusRegisterTime>
        <eraseAllTime>25000000</eraseAllTime>
        <expectedDeviceId>\xc2\x20\x17</expectedDeviceId>
    </device>

    <device version="1.0">
        <deviceName>MX25L6435E</deviceName>
        <deviceDescription>
            Macronix MX25L6435E 8 Megabyte SPI Flash
        </deviceDescription>
        <capacity>8*1024*1024</capacity>
        <blockProtectBits>0x3c</blockProtectBits>
        <writeStatusRegisterTime>5000</writeStatusRegisterTime>
        <eraseAllTime>20000000</eraseAllTime>
        <expectedDeviceId>\xc2\x20\x17</expectedDeviceId>
    </device>

    <device version="1.0">
        <deviceName>MX25L6439E</deviceName>
        <deviceDescription>
            Macronix MX25L6439E 8 Megabyte SPI Flash
        </deviceDescription>
        <capacity>8*1024*1024</capacity>
        <blockProtectBits>0x3c</blockProtectBits>
        <writeStatusRegisterTime>5000</writeStatusRegisterTime>
        <eraseAllTime>20000000</eraseAllTime>
        <expectedDeviceId>\xc2\x25\x37</expectedDeviceId>
    </device>

    <device version="1.0">
        <deviceName>MX25L6445E</deviceName>
        <deviceDescription>
            Macronix MX25L6445E 8 Megabyte SPI Flash
        </deviceDescription>
        <capacity>8*1024*1024</capacity>
        <blockProtectBits>0x3c</blockProtectBits>
        <writeStatusRegisterTime>5000</writeStatusRegisterTime>
        <eraseAllTime>50000000</eraseAllTime>
        <expectedDeviceId>\xc2\x20\x17</expectedDeviceId>
    </device>

    <device version="1.0">
        <deviceName>MX25L6455E</deviceName>
        <deviceDescription>
            Macronix MX25L6455E 8 Megabyte SPI Flash
        </deviceDescription>
        <capacity>8*1024*1024</capacity>
        <blockProtectBits>0x3c</blockProtectBits>
        <writeStatusRegisterTime>5000</writeStatusRegisterTime>
        <eraseAllTime>50000000</eraseAllTime>
        <expectedDeviceId>\xc2\x26\x17</expectedDeviceId>
    </device>

    <device version="1.0">
        <deviceName>MX25L6456E</deviceName>
        <deviceDescription>
            Macronix MX25L6456E 8 Megabyte SPI Flash
        </deviceDescription>
        <capacity>8*1024*1024</capacity>
        <blockProtectBits>0x3c</blockProtectBits>
        <writeStatusRegisterTime>5000</writeStatusRegisterTime>
        <eraseAllTime>20000000</eraseAllTime>
        <expectedDeviceId>\xc2\x26\x17</expectedDeviceId>
    </device>

    <device version="1.0">
        <deviceName>MX25L6473E</deviceName>
        <deviceDescription>
            Macronix MX25L6473E 8 Megabyte SPI Flash
        </deviceDescription>
        <capacity>8*1024*1024</capacity>
        <blockProtectBits>0x3c</blockProtectBits>
        <writeStatusRegisterTime>5000</writeStatusRegisterTime>
        <eraseAllTime>20000000</eraseAllTime>
        <expectedDeviceId>\xc2\x20\x17</expectedDeviceId>
    </device>

   <device version="1.0">
        <deviceName>MX25L12835F</deviceName>
        <deviceDescription>
            Macronix MX25L12835F 16 Megabyte SPI Flash
        </deviceDescription>
        <capacity>16*1024*1024</capacity>
        <blockProtectBits>0x3c</blockProtectBits>
        <writeStatusRegisterTime>5000</writeStatusRegisterTime>
        <eraseAllTime>50000000</eraseAllTime>
        <expectedDeviceId>\xc2\x20\x18</expectedDeviceId>
    </device>

   <device version="1.0">
        <deviceName>MX25L12839F</deviceName>
        <deviceDescription>
            Macronix MX25L12839F 16 Megabyte SPI Flash
        </deviceDescription>
        <capacity>16*1024*1024</capacity>
        <blockProtectBits>0x3c</blockProtectBits>
        <writeStatusRegisterTime>5000</writeStatusRegisterTime>
        <eraseAllTime>50000000</eraseAllTime>
        <expectedDeviceId>\xc2\x20\x18</expectedDeviceId>
    </device>

   <device version="1.0">
        <deviceName>MX25L12855F</deviceName>
        <deviceDescription>
            Macronix MX25L12855F 16 Megabyte SPI Flash
        </deviceDescription>
        <capacity>16*1024*1024</capacity>
        <blockProtectBits>0x3c</blockProtectBits>
        <writeStatusRegisterTime>5000</writeStatusRegisterTime>
        <eraseAllTime>50000000</eraseAllTime>
        <expectedDeviceId>\xc2\x26\x18</expectedDeviceId>
    </device>

   <device version="1.0">
        <deviceName>MX25L12873F</deviceName>
        <deviceDescription>
            Macronix MX25L12873F 16 Megabyte SPI Flash
        </deviceDescription>
        <capacity>16*1024*1024</capacity>
        <blockProtectBits>0x3c</blockProtectBits>
        <writeStatusRegisterTime>5000</writeStatusRegisterTime>
        <eraseAllTime>50000000</eraseAllTime>
        <expectedDeviceId>\xc2\x20\x18</expectedDeviceId>
    </device>

   <device version="1.0">
        <deviceName>MX25L25635F</deviceName>
        <deviceDescription>
            Macronix MX25L25635F 32 Megabyte SPI Flash
        </deviceDescription>
        <capacity>32*1024*1024</capacity>
        <blockProtectBits>0x3c</blockProtectBits>
        <writeStatusRegisterTime>5000</writeStatusRegisterTime>
        <eraseAllTime>110000000</eraseAllTime>
        <expectedDeviceId>\xc2\x20\x19</expectedDeviceId>
        <addressWidth>4</addressWidth>
        <extendedAddressingEnableInstruction>0xB7</extendedAddressingEnableInstruction>
    </device>

   <device version="1.0">
        <deviceName>MX25L25639F</deviceName>
        <deviceDescription>
            Macronix MX25L25639F 32 Megabyte SPI Flash
        </deviceDescription>
        <capacity>32*1024*1024</capacity>
        <blockProtectBits>0x3c</blockProtectBits>
        <writeStatusRegisterTime>5000</writeStatusRegisterTime>
        <eraseAllTime>110000000</eraseAllTime>
        <expectedDeviceId>\xc2\x20\x19</expectedDeviceId>
        <addressWidth>4</addressWidth>
        <extendedAddressingEnableInstruction>0xB7</extendedAddressingEnableInstruction>
    </device>

   <device version="1.0">
        <deviceName>MX25L25655F</deviceName>
        <deviceDescription>
            Macronix MX25L25655F 32 Megabyte SPI Flash
        </deviceDescription>
        <capacity>32*1024*1024</capacity>
        <blockProtectBits>0x3c</blockProtectBits>
        <writeStatusRegisterTime>5000</writeStatusRegisterTime>
        <eraseAllTime>110000000</eraseAllTime>
        <expectedDeviceId>\xc2\x26\x19</expectedDeviceId>
        <addressWidth>4</addressWidth>
        <extendedAddressingEnableInstruction>0xB7</extendedAddressingEnableInstruction>
    </device>

   <device version="1.0">
        <deviceName>MX66L51235F</deviceName>
        <deviceDescription>
            Macronix MX66L51235F 64 Megabyte SPI Flash
        </deviceDescription>
        <capacity>64*1024*1024</capacity>
        <blockProtectBits>0x3c</blockProtectBits>
        <writeStatusRegisterTime>5000</writeStatusRegisterTime>
        <eraseAllTime>120000000</eraseAllTime>
        <expectedDeviceId>\xc2\x20\x1A</expectedDeviceId>
        <addressWidth>4</addressWidth>
        <extendedAddressingEnableInstruction>0xB7</extendedAddressingEnableInstruction>
        <writeTime>600</writeTime>
    </device>

   <device version="1.0">
        <deviceName>MX66L1G45G</deviceName>
        <deviceDescription>
            Macronix MX66L1G45G 128 Megabyte SPI Flash
        </deviceDescription>
        <capacity>128*1024*1024</capacity>
        <blockProtectBits>0x3c</blockProtectBits>
        <writeStatusRegisterTime>5000</writeStatusRegisterTime>
        <eraseAllTime>480000000</eraseAllTime>
        <expectedDeviceId>\xc2\x20\x1B</expectedDeviceId>
        <addressWidth>4</addressWidth>
        <extendedAddressingEnableInstruction>0xB7</extendedAddressingEnableInstruction>
        <writeTime>600</writeTime>
    </device>

    <device version="1.0">
        <deviceName>MX25U3235F</deviceName>
        <deviceDescription>
            Macronix MX25U3235F 4 Megabyte SPI Flash
        </deviceDescription>
        <capacity>4*1024*1024</capacity>
        <blockProtectBits>0x3c</blockProtectBits>
        <writeStatusRegisterTime>5000</writeStatusRegisterTime>
        <eraseAllTime>25000000</eraseAllTime>
        <expectedDeviceId>\xc2\x25\x36</expectedDeviceId>
    </device>

    <device version="1.0">
        <deviceName>MX25U6435F</deviceName>
        <deviceDescription>
            Macronix MX25U6435F 8 Megabyte SPI Flash
        </deviceDescription>
        <capacity>8*1024*1024</capacity>
        <blockProtectBits>0x3c</blockProtectBits>
        <writeStatusRegisterTime>5000</writeStatusRegisterTime>
        <eraseAllTime>50000000</eraseAllTime>
        <expectedDeviceId>\xc2\x25\x37</expectedDeviceId>
    </device>

</devices>
