<?xml version="1.0" encoding="UTF-8"?>
<devices>
    <default version="1.0">
        <manufacturerName> Micron </manufacturerName>
        <deviceAlgorithm>SPI flash</deviceAlgorithm>
        <maxBitrate>50*1000</maxBitrate>
        <addressWidth>3</addressWidth>
        <writeSize>256</writeSize>
        <writeTime>500</writeTime>
        <readDummyBytes>0</readDummyBytes>
        <readInstruction>0x03</readInstruction>
        <writeStatusRegisterTime>1300</writeStatusRegisterTime>
        <blockProtectBits>0x5c</blockProtectBits>
        <readDeviceIdInstruction>0x9f</readDeviceIdInstruction>
        <eraseInstruction>0xd8</eraseInstruction>
        <eraseSize>64*1024</eraseSize>
        <eraseTime>700000</eraseTime>
        <hasEraseAll>true</hasEraseAll>
        <eraseAllInstruction>0xc7</eraseAllInstruction>
        <writeInstruction>0x02</writeInstruction>
        <writeEnableInstruction>0x06</writeEnableInstruction>
        <writeDisableInstruction>0x04</writeDisableInstruction>
        <writeStatusRegisterInstruction>0x01</writeStatusRegisterInstruction>
        <readStatusRegisterInstruction>0x05</readStatusRegisterInstruction>
        <deviceBusyBit>0x01</deviceBusyBit>
        <busyBitPolarity>false</busyBitPolarity>
        <writeEnableBits>0x02</writeEnableBits>
    </default>

    <device version="1.0">
        <deviceName>N25Q008A 8-Mbit 1.8V</deviceName>
        <deviceDescription>
            Micron N25Q008A 1 Megabyte SPI Flash
        </deviceDescription>
        <capacity>1*1024*1024</capacity>
        <expectedDeviceId>\x20\xBB\x14</expectedDeviceId>
        <eraseAllTime>20000000</eraseAllTime>
    </device>

    <device version="1.0">
        <deviceName>N25Q016A 16-Mbit 1.8V</deviceName>
        <deviceDescription>
            Micron N25Q016A 2 Megabyte SPI Flash
        </deviceDescription>
        <capacity>2*1024*1024</capacity>
        <expectedDeviceId>\x20\xBB\x15</expectedDeviceId>
        <eraseAllTime>20000000</eraseAllTime>
    </device>

    <device version="1.0">
        <deviceName>N25Q032A 32-Mbit 3.3V</deviceName>
        <deviceDescription>
            Micron N25Q032A 4 Megabyte SPI Flash
        </deviceDescription>
        <capacity>4*1024*1024</capacity>
        <expectedDeviceId>\x20\xBA\x16</expectedDeviceId>
        <eraseAllTime>30000000</eraseAllTime>
    </device>

    <device version="1.0">
        <deviceName>N25Q032A 32-Mbit 1.8V</deviceName>
        <deviceDescription>
            Micron N25Q032A 4 Megabyte SPI Flash
        </deviceDescription>
        <capacity>4*1024*1024</capacity>
        <expectedDeviceId>\x20\xBB\x16</expectedDeviceId>
        <eraseAllTime>30000000</eraseAllTime>
    </device>

       <device version="1.0">
        <deviceName>N25Q064A 64-Mbit 3.3V</deviceName>
        <deviceDescription>
            Micron N25Q064A 8 Megabyte SPI Flash
        </deviceDescription>
        <capacity>8*1024*1024</capacity>
        <expectedDeviceId>\x20\xBA\x17</expectedDeviceId>
        <eraseAllTime>60000000</eraseAllTime>
    </device>

    <device version="1.0">
        <deviceName>N25Q064A 64-Mbit 1.8V</deviceName>
        <deviceDescription>
            Micron N25Q064A 8 Megabyte SPI Flash
        </deviceDescription>
        <capacity>8*1024*1024</capacity>
        <expectedDeviceId>\x20\xBB\x17</expectedDeviceId>
        <eraseAllTime>60000000</eraseAllTime>
    </device>

    <device version="1.0">
        <deviceName>N25Q128A 128-Mbit 3.3V</deviceName>
        <deviceDescription>
            Micron N25Q128A 16 Megabyte SPI Flash
        </deviceDescription>
        <capacity>16*1024*1024</capacity>
        <expectedDeviceId>\x20\xBA\x18</expectedDeviceId>
        <eraseAllTime>170000000</eraseAllTime>
    </device>

    <device version="1.0">
       <deviceName>N25Q128A 128-Mbit 1.8V</deviceName>
        <deviceDescription>
            Micron N25Q128A 16 Megabyte SPI Flash
        </deviceDescription>
        <capacity>16*1024*1024</capacity>
        <expectedDeviceId>\x20\xBB\x18</expectedDeviceId>
        <eraseAllTime>170000000</eraseAllTime>
    </device>

      <device version="1.0">
        <deviceName>N25Q256A 256-Mbit 3.3V</deviceName>
        <deviceDescription>
            Micron N25Q256A 32 Megabyte SPI Flash
        </deviceDescription>
        <capacity>32*1024*1024</capacity>
        <expectedDeviceId>\x20\xBA\x19</expectedDeviceId>
        <eraseAllTime>240000000</eraseAllTime>
        <addressWidth>4</addressWidth>
        <extendedAddressingEnableInstruction>0xB7</extendedAddressingEnableInstruction>
        <readInstruction>0x0B</readInstruction>
        <readDummyBytes>1</readDummyBytes>
    </device>

    <device version="1.0">
        <deviceName>N25Q256A 256-Mbit 1.8V</deviceName>
        <deviceDescription>
            Micron N25Q256A 32 Megabyte SPI Flash
        </deviceDescription>
        <capacity>32*1024*1024</capacity>
        <expectedDeviceId>\x20\xBB\x19</expectedDeviceId>
        <eraseAllTime>240000000</eraseAllTime>
        <addressWidth>4</addressWidth>
        <extendedAddressingEnableInstruction>0xB7</extendedAddressingEnableInstruction>
        <readInstruction>0x0B</readInstruction>
        <readDummyBytes>1</readDummyBytes>
    </device>

    <device version="1.0">
        <deviceName>N25Q512A 512-Mbit 3.3V</deviceName>
        <deviceDescription>
            Micron N25Q512A 64 Megabyte SPI Flash
        </deviceDescription>
        <capacity>64*1024*1024</capacity>
        <expectedDeviceId>\x20\xBA\x20</expectedDeviceId>
        <addressWidth>4</addressWidth>
        <extendedAddressingEnableInstruction>0xB7</extendedAddressingEnableInstruction>
        <readInstruction>0x0B</readInstruction>
        <readDummyBytes>1</readDummyBytes>
        <maxBitrate>38*1000</maxBitrate>
        <hasEraseAll>false</hasEraseAll>
        <readStatusRegisterInstruction>0x70</readStatusRegisterInstruction>
        <deviceBusyBit>0x80</deviceBusyBit>
        <busyBitPolarity>true</busyBitPolarity>
        <writeEnableBits>0x00</writeEnableBits>
        <eraseInstruction>0xc4</eraseInstruction>
        <eraseSize>32*1024*1024</eraseSize>
        <eraseTime>240000000</eraseTime>
    </device>

    <device version="1.0">
        <deviceName>N25Q512A 512-Mbit 1.8V</deviceName>
        <deviceDescription>
            Micron N25Q512A 64 Megabyte SPI Flash
        </deviceDescription>
        <capacity>64*1024*1024</capacity>
        <expectedDeviceId>\x20\xBB\x20</expectedDeviceId>
        <addressWidth>4</addressWidth>
        <extendedAddressingEnableInstruction>0xB7</extendedAddressingEnableInstruction>
        <readInstruction>0x0B</readInstruction>
        <readDummyBytes>1</readDummyBytes>
        <maxBitrate>38*1000</maxBitrate>
        <hasEraseAll>false</hasEraseAll>
        <readStatusRegisterInstruction>0x70</readStatusRegisterInstruction>
        <deviceBusyBit>0x80</deviceBusyBit>
        <busyBitPolarity>true</busyBitPolarity>
        <writeEnableBits>0x00</writeEnableBits>
        <eraseInstruction>0xc4</eraseInstruction>
        <eraseSize>32*1024*1024</eraseSize>
        <eraseTime>240000000</eraseTime>
    </device>

    <device version="1.0">
        <deviceName>N25Q00AA 1-Gbit 3.3V</deviceName>
        <deviceDescription>
            Micron N25Q00A 128 Megabyte SPI Flash
        </deviceDescription>
        <capacity>128*1024*1024</capacity>
        <expectedDeviceId>\x20\xBA\x21</expectedDeviceId>
        <addressWidth>4</addressWidth>
        <extendedAddressingEnableInstruction>0xB7</extendedAddressingEnableInstruction>
        <readInstruction>0x0B</readInstruction>
        <readDummyBytes>1</readDummyBytes>
        <maxBitrate>38*1000</maxBitrate>
        <hasEraseAll>false</hasEraseAll>
        <readStatusRegisterInstruction>0x70</readStatusRegisterInstruction>
        <deviceBusyBit>0x80</deviceBusyBit>
        <busyBitPolarity>true</busyBitPolarity>
        <writeEnableBits>0x00</writeEnableBits>
        <eraseInstruction>0xc4</eraseInstruction>
        <eraseSize>32*1024*1024</eraseSize>
        <eraseTime>240000000</eraseTime>
    </device>

    <device version="1.0">
        <deviceName>N25Q00AA 1-Gbit 1.8V</deviceName>
        <deviceDescription>
            Micron N25Q00A 128 Megabyte SPI Flash
        </deviceDescription>
        <capacity>128*1024*1024</capacity>
        <expectedDeviceId>\x20\xBB\x21</expectedDeviceId>
        <addressWidth>4</addressWidth>
        <extendedAddressingEnableInstruction>0xB7</extendedAddressingEnableInstruction>
        <readInstruction>0x0B</readInstruction>
        <readDummyBytes>1</readDummyBytes>
        <maxBitrate>38*1000</maxBitrate>
        <hasEraseAll>false</hasEraseAll>
        <readStatusRegisterInstruction>0x70</readStatusRegisterInstruction>
        <deviceBusyBit>0x80</deviceBusyBit>
        <busyBitPolarity>true</busyBitPolarity>
        <writeEnableBits>0x00</writeEnableBits>
        <eraseInstruction>0xc4</eraseInstruction>
        <eraseSize>32*1024*1024</eraseSize>
        <eraseTime>240000000</eraseTime>
    </device>

</devices>
