<?xml  version="1.0" encoding="UTF-8"?>
<devices>
    <default version="1.0">
        <manufacturerName> Renesas Technology </manufacturerName>
        <deviceAlgorithm> I2C EEPROM </deviceAlgorithm>
        <maxBitrate> 400 </maxBitrate>
        <writeTime> 10000 </writeTime>
        <baseDeviceAddress> 0x50 </baseDeviceAddress>
        <addressWidth> 2 </addressWidth>
    </default>

    <device version="1.0">
        <deviceName> HN58X2402SI </deviceName>
        <deviceDescription>
            Renesas HN58X2402SI 256 Byte I2C EEPROM
        </deviceDescription>
        <capacity> 256 </capacity>
        <addressWidth> 1 </addressWidth>
        <writeSize> 8 </writeSize>
    </device>

    <device version="1.0">
        <deviceName> HN58X2404SI </deviceName>
        <deviceDescription>
            Renesas HN58X2404SI 512 Byte I2C EEPROM
        </deviceDescription>
        <capacity> 512 </capacity>
        <addressWidth> 1 </addressWidth>
        <writeSize> 8 </writeSize>
    </device>

    <device version="1.0">
        <deviceName> HN58X2408I </deviceName>
        <deviceDescription>
            Renesas HN58X2408I 1 Kilobyte I2C EEPROM
        </deviceDescription>
        <capacity> 1024 </capacity>
        <addressWidth> 1 </addressWidth>
        <writeSize> 32 </writeSize>
    </device>

    <device version="1.0">
        <deviceName> HN58X2408SI </deviceName>
        <deviceDescription>
            Renesas HN58X2408SI 1 Kilobyte I2C EEPROM
        </deviceDescription>
        <capacity> 1024 </capacity>
        <addressWidth> 1 </addressWidth>
        <writeSize> 32 </writeSize>
    </device>

    <device version="1.0">
        <deviceName> HN58X2416I </deviceName>
        <deviceDescription>
            Renesas HN58X2416I 2 Kilobyte I2C EEPROM
        </deviceDescription>
        <capacity> 2*1024 </capacity>
        <addressWidth> 1 </addressWidth>
        <writeSize> 32 </writeSize>
    </device>

    <device version="1.0">
        <deviceName> HN58X2416SI </deviceName>
        <deviceDescription>
            Renesas HN58X2416SI 2 Kilobyte I2C EEPROM
        </deviceDescription>
        <capacity> 2*1024 </capacity>
        <addressWidth> 1 </addressWidth>
        <writeSize> 32 </writeSize>
    </device>

    <device version="1.0">
        <deviceName> HN58X2432I </deviceName>
        <deviceDescription>
            Renesas HN58X2432I 4 Kilobyte I2C EEPROM
        </deviceDescription>
        <capacity> 4*1024 </capacity>
        <writeSize> 32 </writeSize>
    </device>

    <device version="1.0">
        <deviceName> HN58X2432SI </deviceName>
        <deviceDescription>
            Renesas HN58X2432SI 4 Kilobyte I2C EEPROM
        </deviceDescription>
        <capacity> 4*1024 </capacity>
        <writeSize> 32 </writeSize>
    </device>

    <device version="1.0">
        <deviceName> HN58X2464I </deviceName>
        <deviceDescription>
            Renesas HN58X2464I 8 Kilobyte I2C EEPROM
        </deviceDescription>
        <capacity> 8*1024 </capacity>
        <writeSize> 32 </writeSize>
    </device>

    <device version="1.0">
        <deviceName> HN58X2464SI </deviceName>
        <deviceDescription>
            Renesas HN58X2464SI 8 Kilobyte I2C EEPROM
        </deviceDescription>
        <capacity> 8*1024 </capacity>
        <writeSize> 32 </writeSize>
    </device>

    <device version="1.0">
        <deviceName> HN58X24128I </deviceName>
        <deviceDescription>
            Renesas HN58X24128I 16 Kilobyte I2C EEPROM
        </deviceDescription>
        <capacity> 16*1024 </capacity>
        <writeSize> 64 </writeSize>
    </device>

    <device version="1.0">
        <deviceName> HN58X24256I </deviceName>
        <deviceDescription>
            Renesas HN58X24256I 32 Kilobyte I2C EEPROM
        </deviceDescription>
        <capacity> 32*1024 </capacity>
        <writeSize> 64 </writeSize>
    </device>

    <device version="1.0">
        <deviceName> HN58X24512I </deviceName>
        <deviceDescription>
            Renesas HN58X24512I 64 Kilobyte I2C EEPROM
        </deviceDescription>
        <maxBitrate> 1000 </maxBitrate>
        <capacity> 64*1024 </capacity>
        <writeSize> 128 </writeSize>
    </device>

    <device version="1.0">
        <deviceName> HN58X241000I </deviceName>
        <deviceDescription>
            Renesas HN58X241000I 128 Kilobyte I2C EEPROM
        </deviceDescription>
        <maxBitrate> 1000 </maxBitrate>
        <capacity> 128*1024 </capacity>
        <writeTime> 5000 </writeTime>
        <writeSize> 256 </writeSize>
    </device>

</devices>
