 <?xml version="1.0" encoding="UTF-8"?>
<devices>
    <default version="1.0">
      <manufacturerName> Spansion </manufacturerName>
      <deviceAlgorithm>SPI flash</deviceAlgorithm>
      <maxBitrate>40*1000</maxBitrate>
      <readDummyBytes>0</readDummyBytes>
      <addressWidth>3</addressWidth>
      <writeSize>256</writeSize>
      <writeEnableInstruction>0x06</writeEnableInstruction>
      <writeEnableBits>0x02</writeEnableBits>
      <writeDisableInstruction>0x04</writeDisableInstruction>
      <writeStatusRegisterInstruction>0x01</writeStatusRegisterInstruction>
      <writeStatusRegisterTime>10000</writeStatusRegisterTime>
      <readStatusRegisterInstruction>0x05</readStatusRegisterInstruction>
      <deviceBusyBit>0x01</deviceBusyBit>
      <busyBitPolarity>false</busyBitPolarity>
      <hasEraseAll>true</hasEraseAll>
      <eraseAllInstruction>0x60</eraseAllInstruction>
      <eraseInstruction>0x20</eraseInstruction>
      <eraseSize>4*1024</eraseSize>
      <readInstruction>0x03</readInstruction>
      <writeInstruction>0x02</writeInstruction>
      <readDeviceIdInstruction>0x9F</readDeviceIdInstruction>
    </default>

    <device version="1.0">
      <deviceName>S25FL204K</deviceName>
      <deviceDescription>
        Spansion S25FL204K 512 KB SPI Flash, 4-KB sectors
      </deviceDescription>
      <expectedDeviceId>\x01\x40\x13</expectedDeviceId>
      <capacity>512*1024</capacity>
      <eraseTime>50*1000</eraseTime>
      <eraseAllTime>3500000</eraseAllTime>
      <writeTime>1500</writeTime>
      <blockProtectBits>0x3C</blockProtectBits>
    </device>

    <device version="1.0">
      <deviceName>S25FL208K</deviceName>
      <deviceDescription>
        Spansion S25FL208K 1 MB SPI Flash, 4-KB sectors
      </deviceDescription>
      <expectedDeviceId>\x01\x40\x14</expectedDeviceId>
      <capacity>1024*1024</capacity>
      <eraseTime>50*1000</eraseTime>
      <eraseAllTime>7000000</eraseAllTime>
      <writeTime>1500</writeTime>
      <blockProtectBits>0x3C</blockProtectBits>
    </device>

    <device version="1.0">
      <deviceName>S25FL216K</deviceName>
      <deviceDescription>
        Spansion S25FL216K 2 MB SPI Flash, 4-KB sectors
      </deviceDescription>
      <expectedDeviceId>\x01\x40\x15</expectedDeviceId>
      <capacity>2*1024*1024</capacity>
      <eraseTime>45*1000</eraseTime>
      <eraseAllTime>12000000</eraseAllTime>
      <writeTime>1600</writeTime>
      <blockProtectBits>0x3C</blockProtectBits>
    </device>

    <device version="1.0">
      <deviceName>S25FL116K</deviceName>
      <deviceDescription>
        Spansion S25FL116K 2 MB SPI Flash, 4-KB sectors
      </deviceDescription>
      <expectedDeviceId>\x01\x40\x15</expectedDeviceId>
      <capacity>2*1024*1024</capacity>
      <eraseTime>70*1000</eraseTime>
      <eraseAllTime>11200000</eraseAllTime>
      <writeTime>700</writeTime>
      <blockProtectBits>0x7C</blockProtectBits>
    </device>
</devices>

