<?xml version="1.0" encoding="UTF-8"?>
<devices>
    <default version="1.0">
        <manufacturerName> SST </manufacturerName>
        <deviceAlgorithm>SPI flash</deviceAlgorithm>
        <addressWidth>3</addressWidth>
        <writeSize>1</writeSize>
        <readDummyBytes>1</readDummyBytes>
        <readInstruction>0x0b</readInstruction>
        <writeStatusRegisterEnableInstruction>0x50</writeStatusRegisterEnableInstruction>
        <blockProtectBits>0x0c</blockProtectBits>
        <eraseInstruction>0x20</eraseInstruction>
        <eraseSize>4*1024</eraseSize>
        <eraseTime>18000</eraseTime>
        <hasEraseAll>true</hasEraseAll>
        <eraseAllInstruction>0x60</eraseAllInstruction>
        <eraseAllTime>70000</eraseAllTime>
    </default>

    <device version="1.0">
        <deviceName>SST25VF512</deviceName>
        <deviceDescription>
            SST SST25VF512 64 Kilobyte SPI Flash
        </deviceDescription>
        <capacity>64*1024</capacity>
        <maxBitrate>20*1000</maxBitrate>
        <writeTime>14</writeTime>
        <writeAutoAddressIncrementInstruction>0xaf</writeAutoAddressIncrementInstruction>
        <writeAutoAddressIncrementSize>1</writeAutoAddressIncrementSize>
        <writeAutoAddressIncrementTime>20</writeAutoAddressIncrementTime>
        <readDummyBytes>0</readDummyBytes>
        <readInstruction>0x03</readInstruction>
        <deviceConnectedBits>0x00</deviceConnectedBits>
        <deviceConnectedMask>0x30</deviceConnectedMask>
    </device>

    <device version="1.0">
        <deviceName>SST25VF512A</deviceName>
        <deviceDescription>
            SST SST25VF512A 64 Kilobyte SPI Flash
        </deviceDescription>
        <capacity>64*1024</capacity>
        <maxBitrate>33*1000</maxBitrate>
        <writeTime>14</writeTime>
        <writeAutoAddressIncrementInstruction>0xaf</writeAutoAddressIncrementInstruction>
        <writeAutoAddressIncrementSize>1</writeAutoAddressIncrementSize>
        <writeAutoAddressIncrementTime>20</writeAutoAddressIncrementTime>
        <deviceConnectedBits>0x00</deviceConnectedBits>
        <deviceConnectedMask>0x30</deviceConnectedMask>
    </device>

    <device version="1.0">
        <deviceName>SST25WF512</deviceName>
        <deviceDescription>
            SST SST25WF512 64 Kilobyte SPI Flash
        </deviceDescription>
        <capacity>64*1024</capacity>
        <maxBitrate>40*1000</maxBitrate>
        <writeTime>50</writeTime>
        <writeAutoAddressIncrementInstruction>0xad</writeAutoAddressIncrementInstruction>
        <writeAutoAddressIncrementSize>2</writeAutoAddressIncrementSize>
        <writeAutoAddressIncrementTime>60</writeAutoAddressIncrementTime>
        <readDeviceIdInstruction>0x9f</readDeviceIdInstruction>
        <expectedDeviceId>\xbf\x25\x01</expectedDeviceId>
        <eraseTime>62000</eraseTime>
        <eraseAllTime>125000</eraseAllTime>
        <deviceConnectedBits>0x00</deviceConnectedBits>
        <deviceConnectedMask>0x30</deviceConnectedMask>
    </device>

    <device version="1.0">
        <deviceName>SST25VF010</deviceName>
        <deviceDescription>
            SST SST25VF010 128 Kilobyte SPI Flash
        </deviceDescription>
        <capacity>128*1024</capacity>
        <maxBitrate>20*1000</maxBitrate>
        <writeTime>14</writeTime>
        <writeAutoAddressIncrementInstruction>0xaf</writeAutoAddressIncrementInstruction>
        <writeAutoAddressIncrementSize>1</writeAutoAddressIncrementSize>
        <writeAutoAddressIncrementTime>20</writeAutoAddressIncrementTime>
        <readDummyBytes>0</readDummyBytes>
        <readInstruction>0x03</readInstruction>
        <deviceConnectedBits>0x00</deviceConnectedBits>
        <deviceConnectedMask>0x30</deviceConnectedMask>
    </device>

    <device version="1.0">
        <deviceName>SST25WF010</deviceName>
        <deviceDescription>
            SST SST25WF010 128 Kilobyte SPI Flash
        </deviceDescription>
        <capacity>128*1024</capacity>
        <maxBitrate>40*1000</maxBitrate>
        <writeTime>50</writeTime>
        <writeAutoAddressIncrementInstruction>0xad</writeAutoAddressIncrementInstruction>
        <writeAutoAddressIncrementSize>2</writeAutoAddressIncrementSize>
        <writeAutoAddressIncrementTime>60</writeAutoAddressIncrementTime>
        <readDeviceIdInstruction>0x9f</readDeviceIdInstruction>
        <expectedDeviceId>\xbf\x25\x02</expectedDeviceId>
        <eraseTime>62000</eraseTime>
        <eraseAllTime>125000</eraseAllTime>
        <deviceConnectedBits>0x00</deviceConnectedBits>
        <deviceConnectedMask>0x30</deviceConnectedMask>
    </device>

    <device version="1.0">
        <deviceName>SST25VF010A</deviceName>
        <deviceDescription>
            SST SST25VF010A 128 Kilobyte SPI Flash
        </deviceDescription>
        <capacity>128*1024</capacity>
        <maxBitrate>33*1000</maxBitrate>
        <writeTime>14</writeTime>
        <writeAutoAddressIncrementInstruction>0xaf</writeAutoAddressIncrementInstruction>
        <writeAutoAddressIncrementSize>1</writeAutoAddressIncrementSize>
        <writeAutoAddressIncrementTime>20</writeAutoAddressIncrementTime>
        <deviceConnectedBits>0x00</deviceConnectedBits>
        <deviceConnectedMask>0x30</deviceConnectedMask>
    </device>

    <device version="1.0">
        <deviceName>SST25VF020</deviceName>
        <deviceDescription>
            SST SST25VF020 256 Kilobyte SPI Flash
        </deviceDescription>
        <capacity>256*1024</capacity>
        <maxBitrate>20*1000</maxBitrate>
        <writeTime>14</writeTime>
        <writeAutoAddressIncrementInstruction>0xaf</writeAutoAddressIncrementInstruction>
        <writeAutoAddressIncrementSize>1</writeAutoAddressIncrementSize>
        <writeAutoAddressIncrementTime>20</writeAutoAddressIncrementTime>
        <readDummyBytes>0</readDummyBytes>
        <readInstruction>0x03</readInstruction>
        <deviceConnectedBits>0x00</deviceConnectedBits>
        <deviceConnectedMask>0x30</deviceConnectedMask>
    </device>

    <device version="1.0">
        <deviceName>SST25WF020</deviceName>
        <deviceDescription>
            SST SST25WF020 256 Kilobyte SPI Flash
        </deviceDescription>
        <capacity>256*1024</capacity>
        <maxBitrate>40*1000</maxBitrate>
        <writeTime>50</writeTime>
        <writeAutoAddressIncrementInstruction>0xad</writeAutoAddressIncrementInstruction>
        <writeAutoAddressIncrementSize>2</writeAutoAddressIncrementSize>
        <writeAutoAddressIncrementTime>60</writeAutoAddressIncrementTime>
        <readDeviceIdInstruction>0x9f</readDeviceIdInstruction>
        <expectedDeviceId>\xbf\x25\x03</expectedDeviceId>
        <eraseTime>62000</eraseTime>
        <eraseAllTime>125000</eraseAllTime>
        <deviceConnectedBits>0x00</deviceConnectedBits>
        <deviceConnectedMask>0x30</deviceConnectedMask>
    </device>

    <device version="1.0">
        <deviceName>SST25LF020A</deviceName>
        <deviceDescription>
            SST SST25LF020A 256 Kilobyte SPI Flash
        </deviceDescription>
        <capacity>256*1024</capacity>
        <maxBitrate>33*1000</maxBitrate>
        <writeTime>14</writeTime>
        <writeAutoAddressIncrementInstruction>0xaf</writeAutoAddressIncrementInstruction>
        <writeAutoAddressIncrementSize>1</writeAutoAddressIncrementSize>
        <writeAutoAddressIncrementTime>20</writeAutoAddressIncrementTime>
        <deviceConnectedBits>0x00</deviceConnectedBits>
        <deviceConnectedMask>0x30</deviceConnectedMask>
    </device>

    <device version="1.0">
        <deviceName>SST25WF020A</deviceName>
        <deviceDescription>
            SST SST25WF020A 256 Kilobyte SPI Flash
        </deviceDescription>
        <capacity>256*1024</capacity>
        <maxBitrate>40*1000</maxBitrate>
        <writeTime>3000</writeTime>
        <writeInstruction>02</writeInstruction>
        <blockProtectBits>0x0c</blockProtectBits>
        <readDeviceIdInstruction>0x9f</readDeviceIdInstruction>
        <expectedDeviceId>\xbf\x25\x4b</expectedDeviceId>
        <eraseAllTime>300000</eraseAllTime>
        <eraseTime>40000</eraseTime>
        <writeSize>256</writeSize>
        <writeStatusRegisterInstruction>0x01</writeStatusRegisterInstruction>
    </device>

    <device version="1.0">
        <deviceName>SST25PF020B</deviceName>
        <deviceDescription>
            SST SST25PF020B 256 Kilobyte SPI Flash
        </deviceDescription>
        <capacity>256*1024</capacity>
        <maxBitrate>50*1000</maxBitrate>
        <writeTime>7</writeTime>
        <writeAutoAddressIncrementInstruction>0xad</writeAutoAddressIncrementInstruction>
        <writeAutoAddressIncrementSize>2</writeAutoAddressIncrementSize>
        <writeAutoAddressIncrementTime>10</writeAutoAddressIncrementTime>
        <blockProtectBits>0x0c</blockProtectBits>
        <readDeviceIdInstruction>0x9f</readDeviceIdInstruction>
        <expectedDeviceId>\xbf\x25\x8c</expectedDeviceId>
        <eraseAllTime>35000</eraseAllTime>
    </device>

    <device version="1.0">
        <deviceName>SST25VF020B</deviceName>
        <deviceDescription>
            SST SST25VF020B 256 Kilobyte SPI Flash
        </deviceDescription>
        <capacity>256*1024</capacity>
        <maxBitrate>50*1000</maxBitrate>
        <writeTime>7</writeTime>
        <writeAutoAddressIncrementInstruction>0xad</writeAutoAddressIncrementInstruction>
        <writeAutoAddressIncrementSize>2</writeAutoAddressIncrementSize>
        <writeAutoAddressIncrementTime>10</writeAutoAddressIncrementTime>
        <blockProtectBits>0x0c</blockProtectBits>
        <readDeviceIdInstruction>0x9f</readDeviceIdInstruction>
        <expectedDeviceId>\xbf\x25\x8c</expectedDeviceId>
        <eraseAllTime>35000</eraseAllTime>
    </device>

    <device version="1.0">
        <deviceName>SST25VF040</deviceName>
        <deviceDescription>
            SST SST25VF040 512 Kilobyte SPI Flash
        </deviceDescription>
        <capacity>512*1024</capacity>
        <maxBitrate>20*1000</maxBitrate>
        <writeTime>14</writeTime>
        <writeAutoAddressIncrementInstruction>0xaf</writeAutoAddressIncrementInstruction>
        <writeAutoAddressIncrementSize>1</writeAutoAddressIncrementSize>
        <writeAutoAddressIncrementTime>20</writeAutoAddressIncrementTime>
        <readDummyBytes>0</readDummyBytes>
        <readInstruction>0x03</readInstruction>
        <deviceConnectedBits>0x00</deviceConnectedBits>
        <deviceConnectedMask>0x30</deviceConnectedMask>
    </device>

    <device version="1.0">
        <deviceName>SST25VF040B</deviceName>
        <deviceDescription>
            SST SST25VF040B 512 Kilobyte SPI Flash
        </deviceDescription>
        <capacity>512*1024</capacity>
        <maxBitrate>50*1000</maxBitrate>
        <writeTime>7</writeTime>
        <writeAutoAddressIncrementInstruction>0xad</writeAutoAddressIncrementInstruction>
        <writeAutoAddressIncrementSize>2</writeAutoAddressIncrementSize>
        <writeAutoAddressIncrementTime>10</writeAutoAddressIncrementTime>
        <blockProtectBits>0x3c</blockProtectBits>
        <readDeviceIdInstruction>0x9f</readDeviceIdInstruction>
        <expectedDeviceId>\xbf\x25\x8d</expectedDeviceId>
        <eraseAllTime>35000</eraseAllTime>
    </device>

    <device version="1.0">
        <deviceName>SST25LF040A</deviceName>
        <deviceDescription>
            SST SST25LF040A 512 Kilobyte SPI Flash
        </deviceDescription>
        <capacity>512*1024</capacity>
        <maxBitrate>33*1000</maxBitrate>
        <writeTime>14</writeTime>
        <writeAutoAddressIncrementInstruction>0xaf</writeAutoAddressIncrementInstruction>
        <writeAutoAddressIncrementSize>1</writeAutoAddressIncrementSize>
        <writeAutoAddressIncrementTime>20</writeAutoAddressIncrementTime>
        <deviceConnectedBits>0x00</deviceConnectedBits>
        <deviceConnectedMask>0x30</deviceConnectedMask>
    </device>

    <device version="1.0">
        <deviceName>SST25PF040B</deviceName>
        <deviceDescription>
            SST SST25PF040B 512 Kilobyte SPI Flash
        </deviceDescription>
        <capacity>512*1024</capacity>
        <maxBitrate>50*1000</maxBitrate>
        <writeTime>7</writeTime>
        <writeAutoAddressIncrementInstruction>0xad</writeAutoAddressIncrementInstruction>
        <writeAutoAddressIncrementSize>2</writeAutoAddressIncrementSize>
        <writeAutoAddressIncrementTime>10</writeAutoAddressIncrementTime>
        <blockProtectBits>0x3c</blockProtectBits>
        <readDeviceIdInstruction>0x9f</readDeviceIdInstruction>
        <expectedDeviceId>\xbf\x25\x8d</expectedDeviceId>
        <eraseAllTime>35000</eraseAllTime>
    </device>

    <device version="1.0">
        <deviceName>SST25VF080B</deviceName>
        <deviceDescription>
            SST SST25VF080B 1 Megabyte SPI Flash
        </deviceDescription>
        <capacity>1024*1024</capacity>
        <maxBitrate>50*1000</maxBitrate>
        <writeTime>7</writeTime>
        <writeAutoAddressIncrementInstruction>0xad</writeAutoAddressIncrementInstruction>
        <writeAutoAddressIncrementSize>2</writeAutoAddressIncrementSize>
        <writeAutoAddressIncrementTime>10</writeAutoAddressIncrementTime>
        <blockProtectBits>0x3c</blockProtectBits>
        <readDeviceIdInstruction>0x9f</readDeviceIdInstruction>
        <expectedDeviceId>\xbf\x25\x8e</expectedDeviceId>
        <eraseAllTime>35000</eraseAllTime>
    </device>

    <device version="1.0">
        <deviceName>SST25PF080B</deviceName>
        <deviceDescription>
            SST SST25PF080B 1 Megabyte SPI Flash
        </deviceDescription>
        <capacity>1024*1024</capacity>
        <maxBitrate>50*1000</maxBitrate>
        <writeTime>7</writeTime>
        <writeAutoAddressIncrementInstruction>0xad</writeAutoAddressIncrementInstruction>
        <writeAutoAddressIncrementSize>2</writeAutoAddressIncrementSize>
        <writeAutoAddressIncrementTime>10</writeAutoAddressIncrementTime>
        <blockProtectBits>0x1c</blockProtectBits>
        <readDeviceIdInstruction>0x9f</readDeviceIdInstruction>
        <expectedDeviceId>\xbf\x25\x8e</expectedDeviceId>
        <eraseAllTime>35000</eraseAllTime>
    </device>

    <device version="1.0">
        <deviceName>SST25VF016B</deviceName>
        <deviceDescription>
            SST SST25VF016B 2 Megabyte SPI Flash
        </deviceDescription>
        <capacity>2*1024*1024</capacity>
        <maxBitrate>50*1000</maxBitrate>
        <writeTime>7</writeTime>
        <writeAutoAddressIncrementInstruction>0xad</writeAutoAddressIncrementInstruction>
        <writeAutoAddressIncrementSize>2</writeAutoAddressIncrementSize>
        <writeAutoAddressIncrementTime>10</writeAutoAddressIncrementTime>
        <blockProtectBits>0x3c</blockProtectBits>
        <readDeviceIdInstruction>0x9f</readDeviceIdInstruction>
        <expectedDeviceId>\xbf\x25\x41</expectedDeviceId>
        <eraseAllTime>35000</eraseAllTime>
    </device>

    <device version="1.0">
        <deviceName>SST25VF032B</deviceName>
        <deviceDescription>
            SST SST25VF032B 4 Megabyte SPI Flash
        </deviceDescription>
        <capacity>4*1024*1024</capacity>
        <maxBitrate>50*1000</maxBitrate>
        <writeTime>7</writeTime>
        <writeAutoAddressIncrementInstruction>0xad</writeAutoAddressIncrementInstruction>
        <writeAutoAddressIncrementSize>2</writeAutoAddressIncrementSize>
        <writeAutoAddressIncrementTime>10</writeAutoAddressIncrementTime>
        <blockProtectBits>0x3c</blockProtectBits>
        <readDeviceIdInstruction>0x9f</readDeviceIdInstruction>
        <expectedDeviceId>\xbf\x25\x4a</expectedDeviceId>
        <eraseAllTime>35000</eraseAllTime>
    </device>

</devices>
