<?xml version="1.0" encoding="UTF-8"?>
<devices>
    <default version="1.0">
        <manufacturerName>STMicro</manufacturerName>
        <deviceAlgorithm>SPI EEPROM</deviceAlgorithm>
        <maxBitrate>10*1000</maxBitrate>
        <addressWidth>2</addressWidth>
        <writeSize>32</writeSize>
        <writeTime>5000</writeTime>
        <blockProtectBits>0x0c</blockProtectBits>
    </default>

    <device version="1.0">
        <deviceName>M95010</deviceName>
        <deviceDescription>
            STMicro M95010 128 Byte SPI EEPROM
        </deviceDescription>
        <capacity>128</capacity>
        <addressWidth>1</addressWidth>
        <writeSize>16</writeSize>
        <deviceConnectedBits>0xf0</deviceConnectedBits>
        <deviceConnectedMask>0xf0</deviceConnectedMask>
    </device>

    <device version="1.0">
        <deviceName>M95010-W</deviceName>
        <deviceDescription>
            STMicro M95010-W 128 Byte SPI EEPROM
        </deviceDescription>
        <capacity>128</capacity>
        <maxBitrate>5*1000</maxBitrate>
        <addressWidth>1</addressWidth>
        <writeSize>16</writeSize>
        <deviceConnectedBits>0xf0</deviceConnectedBits>
        <deviceConnectedMask>0xf0</deviceConnectedMask>
    </device>

    <device version="1.0">
        <deviceName>M95010-R</deviceName>
        <deviceDescription>
            STMicro M95010-R 128 Byte SPI EEPROM
        </deviceDescription>
        <capacity>128</capacity>
        <maxBitrate>2*1000</maxBitrate>
        <addressWidth>1</addressWidth>
        <writeSize>16</writeSize>
        <deviceConnectedBits>0xf0</deviceConnectedBits>
        <deviceConnectedMask>0xf0</deviceConnectedMask>
        <writeTime>10000</writeTime>
    </device>

    <device version="1.0">
        <deviceName>M95020</deviceName>
        <deviceDescription>
            STMicro M95020 256 Byte SPI EEPROM
        </deviceDescription>
        <capacity>256</capacity>
        <addressWidth>1</addressWidth>
        <writeSize>16</writeSize>
        <deviceConnectedBits>0xf0</deviceConnectedBits>
        <deviceConnectedMask>0xf0</deviceConnectedMask>
    </device>

    <device version="1.0">
        <deviceName>M95020-W</deviceName>
        <deviceDescription>
            STMicro M95020-W 256 Byte SPI EEPROM
        </deviceDescription>
        <capacity>256</capacity>
        <maxBitrate>5*1000</maxBitrate>
        <addressWidth>1</addressWidth>
        <writeSize>16</writeSize>
        <deviceConnectedBits>0xf0</deviceConnectedBits>
        <deviceConnectedMask>0xf0</deviceConnectedMask>
    </device>

    <device version="1.0">
        <deviceName>M95020-R</deviceName>
        <deviceDescription>
            STMicro M95020-R 256 Byte SPI EEPROM
        </deviceDescription>
        <capacity>256</capacity>
        <maxBitrate>2*1000</maxBitrate>
        <addressWidth>1</addressWidth>
        <writeSize>16</writeSize>
        <deviceConnectedBits>0xf0</deviceConnectedBits>
        <deviceConnectedMask>0xf0</deviceConnectedMask>
        <writeTime>10000</writeTime>
    </device>

    <device version="1.0">
        <deviceName>M95040</deviceName>
        <deviceDescription>
            STMicro M95040 512 Byte SPI EEPROM
        </deviceDescription>
        <capacity>512</capacity>
        <addressWidth>1</addressWidth>
        <writeSize>16</writeSize>
        <deviceConnectedBits>0xf0</deviceConnectedBits>
        <deviceConnectedMask>0xf0</deviceConnectedMask>
    </device>

    <device version="1.0">
        <deviceName>M95040-W</deviceName>
        <deviceDescription>
            STMicro M95040-W 512 Byte SPI EEPROM
        </deviceDescription>
        <capacity>512</capacity>
        <maxBitrate>5*1000</maxBitrate>
        <addressWidth>1</addressWidth>
        <writeSize>16</writeSize>
        <deviceConnectedBits>0xf0</deviceConnectedBits>
        <deviceConnectedMask>0xf0</deviceConnectedMask>
    </device>

    <device version="1.0">
        <deviceName>M95040-R</deviceName>
        <deviceDescription>
            STMicro M95040-R 512 Byte SPI EEPROM
        </deviceDescription>
        <capacity>512</capacity>
        <maxBitrate>2*1000</maxBitrate>
        <addressWidth>1</addressWidth>
        <writeSize>16</writeSize>
        <deviceConnectedBits>0xf0</deviceConnectedBits>
        <deviceConnectedMask>0xf0</deviceConnectedMask>
        <writeTime>10000</writeTime>
    </device>

    <device version="1.0">
        <deviceName>M95080</deviceName>
        <deviceDescription>
            STMicro M95080 1 Kilobyte SPI EEPROM
        </deviceDescription>
        <maxBitrate>20*1000</maxBitrate>
        <capacity>1024</capacity>
        <deviceConnectedBits>0x00</deviceConnectedBits>
        <deviceConnectedMask>0x70</deviceConnectedMask>
    </device>

        <device version="1.0">
        <deviceName>M95080-W</deviceName>
        <deviceDescription>
            STMicro M95080-W 1 Kilobyte SPI EEPROM
        </deviceDescription>
        <capacity>1024</capacity>
        <deviceConnectedBits>0x00</deviceConnectedBits>
        <deviceConnectedMask>0x70</deviceConnectedMask>
    </device>

    <device version="1.0">
        <deviceName>M95080-R</deviceName>
        <deviceDescription>
            STMicro M95080-R 1 Kilobyte SPI EEPROM
        </deviceDescription>
        <maxBitrate>5*1000</maxBitrate>
        <capacity>1024</capacity>
        <deviceConnectedBits>0x00</deviceConnectedBits>
        <deviceConnectedMask>0x70</deviceConnectedMask>
    </device>

    <device version="1.0">
        <deviceName>M95080-S</deviceName>
        <deviceDescription>
            STMicro M95080-S 1 Kilobyte SPI EEPROM
        </deviceDescription>
        <maxBitrate>2*1000</maxBitrate>
        <capacity>1024</capacity>
        <writeTime>10000</writeTime>
        <deviceConnectedBits>0x00</deviceConnectedBits>
        <deviceConnectedMask>0x70</deviceConnectedMask>
    </device>

    <device version="1.0">
        <deviceName>M95160</deviceName>
        <deviceDescription>
            STMicro M95160 2 Kilobyte SPI EEPROM
        </deviceDescription>
        <maxBitrate>20*1000</maxBitrate>
        <capacity>2*1024</capacity>
        <deviceConnectedBits>0x00</deviceConnectedBits>
        <deviceConnectedMask>0x70</deviceConnectedMask>
    </device>

    <device version="1.0">
        <deviceName>M95160-W</deviceName>
        <deviceDescription>
            STMicro M95160-W 2 Kilobyte SPI EEPROM
        </deviceDescription>
        <capacity>2*1024</capacity>
        <deviceConnectedBits>0x00</deviceConnectedBits>
        <deviceConnectedMask>0x70</deviceConnectedMask>
    </device>

    <device version="1.0">
        <deviceName>M95160-R</deviceName>
        <deviceDescription>
            STMicro M95160-R 2 Kilobyte SPI EEPROM
        </deviceDescription>
        <maxBitrate>5*1000</maxBitrate>
        <capacity>2*1024</capacity>
        <deviceConnectedBits>0x00</deviceConnectedBits>
        <deviceConnectedMask>0x70</deviceConnectedMask>
    </device>

    <device version="1.0">
        <deviceName>M95160-S</deviceName>
        <deviceDescription>
            STMicro M95160-S 2 Kilobyte SPI EEPROM
        </deviceDescription>
        <maxBitrate>2*1000</maxBitrate>
        <capacity>2*1024</capacity>
        <writeTime>10000</writeTime>
        <deviceConnectedBits>0x00</deviceConnectedBits>
        <deviceConnectedMask>0x70</deviceConnectedMask>
    </device>

    <device version="1.0">
        <deviceName>M95320</deviceName>
        <deviceDescription>
            STMicro M95320 4 Kilobyte SPI EEPROM
        </deviceDescription>
        <maxBitrate>20*1000</maxBitrate>
        <capacity>4*1024</capacity>
        <deviceConnectedBits>0x00</deviceConnectedBits>
        <deviceConnectedMask>0x70</deviceConnectedMask>
    </device>

    <device version="1.0">
        <deviceName>M95320-W</deviceName>
        <deviceDescription>
            STMicro M95320-W 4 Kilobyte SPI EEPROM
        </deviceDescription>
        <capacity>4*1024</capacity>
        <deviceConnectedBits>0x00</deviceConnectedBits>
        <deviceConnectedMask>0x70</deviceConnectedMask>
    </device>

    <device version="1.0">
        <deviceName>M95320-R</deviceName>
        <deviceDescription>
            STMicro M95320-R 4 Kilobyte SPI EEPROM
        </deviceDescription>
        <maxBitrate>5*1000</maxBitrate>
        <capacity>4*1024</capacity>
        <deviceConnectedBits>0x00</deviceConnectedBits>
        <deviceConnectedMask>0x70</deviceConnectedMask>
    </device>

    <device version="1.0">
        <deviceName>M95320-S</deviceName>
        <deviceDescription>
            STMicro M95320-S 4 Kilobyte SPI EEPROM
        </deviceDescription>
        <maxBitrate>2*1000</maxBitrate>
        <capacity>4*1024</capacity>
        <writeTime>10000</writeTime>
        <deviceConnectedBits>0x00</deviceConnectedBits>
        <deviceConnectedMask>0x70</deviceConnectedMask>
    </device>

    <device version="1.0">
        <deviceName>M95640</deviceName>
        <deviceDescription>
            STMicro M95640 8 Kilobyte SPI EEPROM
        </deviceDescription>
        <maxBitrate>20*1000</maxBitrate>
        <capacity>8*1024</capacity>
        <deviceConnectedBits>0x00</deviceConnectedBits>
        <deviceConnectedMask>0x70</deviceConnectedMask>
    </device>

    <device version="1.0">
        <deviceName>M95640-W</deviceName>
        <deviceDescription>
            STMicro M95640-W 8 Kilobyte SPI EEPROM
        </deviceDescription>
        <maxBitrate>10*1000</maxBitrate>
        <capacity>8*1024</capacity>
        <deviceConnectedBits>0x00</deviceConnectedBits>
        <deviceConnectedMask>0x70</deviceConnectedMask>
    </device>

    <device version="1.0">
        <deviceName>M95640-R</deviceName>
        <deviceDescription>
            STMicro M95640-R 8 Kilobyte SPI EEPROM
        </deviceDescription>
        <maxBitrate>5*1000</maxBitrate>
        <capacity>8*1024</capacity>
        <deviceConnectedBits>0x00</deviceConnectedBits>
        <deviceConnectedMask>0x70</deviceConnectedMask>
    </device>

    <device version="1.0">
        <deviceName>M95640-S</deviceName>
        <deviceDescription>
            STMicro M95640-S 8 Kilobyte SPI EEPROM
        </deviceDescription>
        <maxBitrate>2*1000</maxBitrate>
        <capacity>8*1024</capacity>
        <writeTime>10000</writeTime>
        <deviceConnectedBits>0x00</deviceConnectedBits>
        <deviceConnectedMask>0x70</deviceConnectedMask>
    </device>

    <device version="1.0">
        <deviceName>M95128</deviceName>
        <deviceDescription>
            STMicro M95128 16 Kilobyte SPI EEPROM
        </deviceDescription>
        <maxBitrate>5*1000</maxBitrate>
        <capacity>16*1024</capacity>
        <writeSize>64</writeSize>
        <deviceConnectedBits>0x00</deviceConnectedBits>
        <deviceConnectedMask>0x70</deviceConnectedMask>
    </device>

    <device version="1.0">
        <deviceName>M95128-W</deviceName>
        <deviceDescription>
            STMicro M95128-W 16 Kilobyte SPI EEPROM
        </deviceDescription>
        <maxBitrate>5*1000</maxBitrate>
        <capacity>16*1024</capacity>
        <writeSize>64</writeSize>
        <deviceConnectedBits>0x00</deviceConnectedBits>
        <deviceConnectedMask>0x70</deviceConnectedMask>
    </device>

    <device version="1.0">
        <deviceName>M95128-R</deviceName>
        <deviceDescription>
            STMicro M95128-R 16 Kilobyte SPI EEPROM
        </deviceDescription>
        <maxBitrate>2*1000</maxBitrate>
        <capacity>16*1024</capacity>
        <writeSize>64</writeSize>
        <writeTime>10000</writeTime>
        <deviceConnectedBits>0x00</deviceConnectedBits>
        <deviceConnectedMask>0x70</deviceConnectedMask>
    </device>

    <device version="1.0">
        <deviceName>M95256</deviceName>
        <deviceDescription>
            STMicro M95256 32 Kilobyte SPI EEPROM
        </deviceDescription>
        <capacity>32*1024</capacity>
        <writeSize>64</writeSize>
        <deviceConnectedBits>0x00</deviceConnectedBits>
        <deviceConnectedMask>0x70</deviceConnectedMask>
    </device>

    <device version="1.0">
        <deviceName>M95256-W</deviceName>
        <deviceDescription>
            STMicro M95256-W 32 Kilobyte SPI EEPROM
        </deviceDescription>
        <maxBitrate>5*1000</maxBitrate>
        <capacity>32*1024</capacity>
        <writeSize>64</writeSize>
        <deviceConnectedBits>0x00</deviceConnectedBits>
        <deviceConnectedMask>0x70</deviceConnectedMask>
    </device>

    <device version="1.0">
        <deviceName>M95256-R</deviceName>
        <deviceDescription>
            STMicro M95256-R 32 Kilobyte SPI EEPROM
        </deviceDescription>
        <maxBitrate>2*1000</maxBitrate>
        <capacity>32*1024</capacity>
        <writeSize>64</writeSize>
        <writeTime>10000</writeTime>
        <deviceConnectedBits>0x00</deviceConnectedBits>
        <deviceConnectedMask>0x70</deviceConnectedMask>
    </device>

    <device version="1.0">
        <deviceName>M95512-W</deviceName>
        <deviceDescription>
            STMicro M95512-W 64 Kilobyte SPI EEPROM
        </deviceDescription>
        <capacity>64*1024</capacity>
        <writeSize>128</writeSize>
        <deviceConnectedBits>0x00</deviceConnectedBits>
        <deviceConnectedMask>0x70</deviceConnectedMask>
    </device>

    <device version="1.0">
        <deviceName>M95512-R</deviceName>
        <deviceDescription>
            STMicro M95512-R 64 Kilobyte SPI EEPROM
        </deviceDescription>
        <maxBitrate>5*1000</maxBitrate>
        <capacity>64*1024</capacity>
        <writeSize>128</writeSize>
        <deviceConnectedBits>0x00</deviceConnectedBits>
        <deviceConnectedMask>0x70</deviceConnectedMask>
    </device>

    <device version="1.0">
        <deviceName>M95M01-R</deviceName>
        <deviceDescription>
            STMicro M95M01-R 128 Kilobyte SPI EEPROM
        </deviceDescription>
        <maxBitrate>5*1000</maxBitrate>
        <addressWidth>3</addressWidth>
        <capacity>128*1024</capacity>
        <writeSize>256</writeSize>
        <deviceConnectedBits>0x00</deviceConnectedBits>
        <deviceConnectedMask>0x70</deviceConnectedMask>
    </device>

</devices>
