<?xml version="1.0" encoding="UTF-8"?>
<devices>
    <default version="1.0">
      <manufacturerName> Spansion </manufacturerName>
      <deviceAlgorithm>SPI flash</deviceAlgorithm>
      <maxBitrate>50*1000</maxBitrate>
      <readDummyBytes>0</readDummyBytes>
      <deviceBusyBit>0x01</deviceBusyBit>
      <busyBitPolarity>false</busyBitPolarity>
      <blockProtectBits>0x1C</blockProtectBits>
      <hasEraseAll>true</hasEraseAll>
      <addressWidth>3</addressWidth>
      <writeSize>256</writeSize>
      <writeEnableInstruction>0x06</writeEnableInstruction>
      <writeEnableBits>0x02</writeEnableBits>
      <writeDisableInstruction>0x04</writeDisableInstruction>
      <writeStatusRegisterInstruction>0x01</writeStatusRegisterInstruction>
      <writeStatusRegisterTime>100000</writeStatusRegisterTime>
      <writeInstruction>0x02</writeInstruction>
      <readInstruction>0x03</readInstruction>
      <readStatusRegisterInstruction>0x05</readStatusRegisterInstruction>
      <readDeviceIdInstruction>0x9F</readDeviceIdInstruction>
      <eraseInstruction>0xd8</eraseInstruction>
      <eraseAllInstruction>0x60</eraseAllInstruction>
    </default>

    <device version="1.0">
      <deviceName>S25FL032P</deviceName>
      <deviceDescription>
        Spansion S25FL032P 4 Megabyte SPI Flash, 64 KB sectors
      </deviceDescription>
      <capacity>4*1024*1024</capacity>
      <expectedDeviceId>\x01\x02\x15\x4D</expectedDeviceId>
      <eraseSize>64*1024</eraseSize>
      <eraseTime>2080*1000</eraseTime>
      <eraseAllTime>64000000</eraseAllTime>
      <writeTime>1500</writeTime>
    </device>

    <device version="1.0">
      <deviceName>S25FL064P</deviceName>
      <deviceDescription>
        Spansion S25FL064P 8 Megabyte SPI Flash, 64 KB sectors
      </deviceDescription>
      <capacity>8*1024*1024</capacity>
      <expectedDeviceId>\x01\x02\x16\x4D</expectedDeviceId>
      <eraseSize>64*1024</eraseSize>
      <eraseTime>2080*1000</eraseTime>
      <eraseAllTime>128000000</eraseAllTime>
      <writeTime>1500</writeTime>
    </device>

      <device version="1.0">
        <deviceName>S25FL128P_64KB</deviceName>
        <deviceDescription>
            Spansion S25FL128P 16 Megabyte SPI Flash, 64 KB sectors
        </deviceDescription>
        <capacity>16*1024*1024</capacity>
        <expectedDeviceId>\x01\x20\x18\x03\x01</expectedDeviceId>
        <eraseSize>64*1024</eraseSize>
        <eraseTime>2080*1000</eraseTime>
        <eraseAllTime>128000000</eraseAllTime>
        <writeTime>1500</writeTime>
    </device>

    <device version="1.0">
        <deviceName>S25FL128P_256KB</deviceName>
        <deviceDescription>
            Spansion S25FL128P 16 Megabyte SPI Flash, 256 KB sectors
        </deviceDescription>
        <capacity>16*1024*1024</capacity>
        <expectedDeviceId>\x01\x20\x18\x03\x00</expectedDeviceId>
        <eraseSize>256*1024</eraseSize>
        <eraseTime>2080*1000</eraseTime>
        <eraseAllTime>128000000</eraseAllTime>
        <writeTime>1500</writeTime>
    </device>

    <device version="1.0">
      <deviceName>S25FL128S_64KB</deviceName>
      <deviceDescription>
        Spansion S25FL128S 16 MB SPI Flash, 64 KB sectors
      </deviceDescription>
      <expectedDeviceId>\x01\x20\x18\x4D\x01</expectedDeviceId>
      <capacity>16*1024*1024</capacity>
      <writeTime>250</writeTime>
      <eraseSize>64*1024</eraseSize>
      <eraseTime>2080*1000</eraseTime>
      <eraseAllTime>33000000</eraseAllTime>
    </device>

    <device version="1.0">
      <deviceName>S25FL128S_256KB</deviceName>
      <deviceDescription>
        Spansion S25FL128S 16 MB SPI Flash, 256 KB sectors
      </deviceDescription>
      <expectedDeviceId>\x01\x20\x18\x4D\x00</expectedDeviceId>
      <capacity>16*1024*1024</capacity>
      <writeTime>250</writeTime>
      <eraseSize>256*1024</eraseSize>
      <eraseTime>520*1000</eraseTime>
      <eraseAllTime>33000000</eraseAllTime>
    </device>

    <device version="1.0">
      <deviceName>S25FL256S_64KB</deviceName>
      <deviceDescription>
        Spansion S25FL256S 32 MB SPI Flash, 64 KB sectors
      </deviceDescription>
      <expectedDeviceId>\x01\x02\x19\x4D\x01</expectedDeviceId>
      <capacity>32*1024*1024</capacity>
      <addressWidth>4</addressWidth>
      <readInstruction>0x13</readInstruction>
      <writeInstruction>0x12</writeInstruction>
      <writeTime>250</writeTime>
      <eraseInstruction>0xDC</eraseInstruction>
      <eraseSize>64*1024</eraseSize>
      <eraseTime>2080*1000</eraseTime>
      <eraseAllTime>66000000</eraseAllTime>
    </device>

    <device version="1.0">
     <deviceName>S25FL256S_256KB</deviceName>
      <deviceDescription>
        Spansion S25FL256S 32 MB SPI Flash, 256 KB sectors
      </deviceDescription>
      <expectedDeviceId>\x01\x02\x19\x4D\x00</expectedDeviceId>
      <capacity>32*1024*1024</capacity>
      <addressWidth>4</addressWidth>
      <readInstruction>0x13</readInstruction>
      <writeInstruction>0x12</writeInstruction>
      <writeTime>250</writeTime>
      <eraseInstruction>0xDC</eraseInstruction>
      <eraseSize>256*1024</eraseSize>
      <eraseTime>520*1000</eraseTime>
      <eraseAllTime>66000000</eraseAllTime>
    </device>

    <device version="1.0">
      <deviceName>S25FL512S</deviceName>
      <deviceDescription>
        Spansion S25FL512S 64 MB SPI Flash, 256 KB sectors
      </deviceDescription>
      <expectedDeviceId>\x01\x02\x20\x4D\x00</expectedDeviceId>
      <capacity>64*1024*1024</capacity>
      <addressWidth>4</addressWidth>
      <writeSize>512</writeSize>
      <writeTime>340</writeTime>
      <readInstruction>0x13</readInstruction>
      <writeInstruction>0x12</writeInstruction>
      <eraseInstruction>0xDC</eraseInstruction>
      <eraseSize>256*1024</eraseSize>
      <eraseTime>520*1000</eraseTime>
      <eraseAllTime>103000000</eraseAllTime>
    </device>
</devices>

